ID,Gender,Car_Owner,Prop_Owner,Children,Income,Income_Type,Education,Marital_Status,Housing_Type,Age_In_Years,Employed_In_Years,Family_Size,label
5008827,1,1,1,0,180000.0,1,1,1,1,51.0,-0.0,2,1
5009744,0,1,0,0,315000.0,0,1,1,1,37.0,2.0,2,1
5009894,0,0,0,0,180000.0,1,4,1,1,61.0,-0.0,2,1
5010864,1,1,1,1,450000.0,0,4,1,1,50.0,2.0,3,1
5010868,1,1,1,1,450000.0,1,4,1,1,50.0,2.0,3,1
5010869,1,1,1,1,450000.0,0,4,3,1,50.0,2.0,1,1
5018498,0,1,1,0,90000.0,3,4,1,1,52.0,3.0,2,1
5021303,1,0,0,1,472500.0,1,1,1,5,24.0,3.0,3,1
5021310,1,0,1,0,270000.0,3,4,1,1,46.0,1.0,2,1
5021314,1,0,1,0,270000.0,3,4,3,1,46.0,1.0,2,1
5021430,0,0,1,0,126000.0,0,1,3,1,52.0,7.0,1,1
5021998,1,0,1,0,90000.0,1,4,1,1,52.0,5.0,2,1
5022053,1,0,0,0,202500.0,3,1,3,1,35.0,12.0,1,1
5022617,1,1,1,0,202500.0,0,4,0,1,33.0,5.0,2,1
5023781,1,0,1,0,157500.0,0,1,0,1,49.0,3.0,2,1
5023831,0,0,1,2,112500.0,0,4,1,1,33.0,3.0,4,1
5024071,0,0,1,0,180000.0,3,1,1,1,44.0,2.0,2,1
5024213,0,1,1,0,540000.0,0,1,1,1,43.0,1.0,2,1
5024916,0,0,1,0,112500.0,1,4,1,1,60.0,-0.0,2,1
5028580,1,0,0,0,540000.0,0,1,1,1,55.0,2.0,2,1
5029028,0,0,1,0,90000.0,3,3,3,4,33.0,13.0,2,1
5029311,0,0,1,0,112500.0,1,4,1,1,60.0,-0.0,2,1
5033453,0,0,0,0,135000.0,3,1,3,1,29.0,7.0,1,1
5033514,0,1,0,1,135000.0,3,4,1,1,44.0,1.0,3,1
5033916,1,0,1,0,180000.0,3,4,1,1,36.0,10.0,2,1
5036469,1,1,0,0,112500.0,2,4,3,1,56.0,4.0,2,1
5036590,1,1,1,0,292500.0,3,1,1,1,58.0,2.0,2,1
5036660,0,1,1,0,76500.0,1,4,1,1,65.0,-0.0,2,1
5036795,1,1,1,0,215100.0,0,4,1,1,53.0,4.0,2,1
5041522,1,1,1,0,450000.0,0,1,2,1,44.0,2.0,1,1
5042064,0,1,0,2,270000.0,2,1,1,1,44.0,20.0,4,1
5045888,0,0,1,0,225000.0,1,4,3,1,64.0,-0.0,1,1
5046324,0,0,1,1,157500.0,0,4,3,1,42.0,6.0,3,1
5046328,0,0,1,1,157500.0,1,4,3,1,42.0,6.0,3,1
5047662,0,0,1,1,67500.0,0,4,1,1,52.0,11.0,3,1
5048300,1,1,0,1,180000.0,0,4,1,1,30.0,3.0,3,1
5050603,1,0,0,0,157500.0,3,4,1,1,50.0,20.0,2,1
5050671,1,0,0,0,171000.0,0,2,3,1,32.0,0.0,1,1
5051160,1,1,0,1,135000.0,3,4,1,1,26.0,2.0,3,1
5052659,0,0,1,0,103500.0,3,4,1,1,28.0,2.0,2,1
5052877,1,1,1,0,225000.0,3,4,1,1,49.0,9.0,2,1
5053254,0,1,1,0,180000.0,0,4,1,1,51.0,6.0,2,1
5054063,1,0,0,1,157500.0,3,4,1,1,45.0,4.0,3,1
5054068,1,0,0,1,157500.0,3,4,1,1,45.0,4.0,1,1
5054524,0,0,0,2,180000.0,3,4,1,1,46.0,23.0,4,1
5054525,0,0,0,2,180000.0,3,4,3,1,46.0,23.0,4,1
5058345,0,0,1,0,99000.0,1,1,2,1,67.0,-0.0,1,1
5058350,1,0,1,0,99000.0,1,1,2,1,67.0,-0.0,1,1
5058530,1,0,0,0,391500.0,3,4,3,2,25.0,1.0,1,1
5061360,1,0,1,0,65250.0,1,1,1,1,57.0,-0.0,2,1
5061396,1,0,1,0,72900.0,1,3,1,1,64.0,-0.0,2,1
5061636,0,0,1,0,225000.0,1,4,1,2,59.0,-0.0,2,1
5061691,0,0,1,1,67500.0,0,1,1,1,25.0,4.0,3,1
5062136,1,0,0,1,180000.0,3,4,3,1,35.0,0.0,2,1
5065348,0,1,1,0,202500.0,3,1,1,1,42.0,11.0,2,1
5065462,0,0,0,0,157500.0,0,4,1,1,52.0,4.0,2,1
5065518,0,1,0,1,202500.0,3,1,1,4,26.0,8.0,3,1
5068389,0,1,1,1,270000.0,3,1,2,1,38.0,0.0,2,1
5068456,0,1,0,0,135000.0,0,4,1,1,37.0,7.0,2,1
5069216,0,1,1,0,256500.0,0,1,1,1,31.0,5.0,2,1
5069218,0,1,1,0,256500.0,0,1,3,1,31.0,5.0,2,1
5069307,1,0,1,0,157500.0,3,4,1,1,43.0,4.0,2,1
5078820,0,0,0,2,225000.0,0,4,1,1,40.0,14.0,4,1
5078945,0,0,1,2,180000.0,3,2,2,1,34.0,10.0,3,1
5079166,1,1,0,0,202500.0,3,4,1,5,38.0,4.0,2,1
5085886,1,1,1,0,315000.0,0,1,1,1,51.0,3.0,2,1
5089162,0,1,0,0,225000.0,3,1,1,1,56.0,7.0,2,1
5089959,1,0,1,1,126000.0,0,4,0,1,35.0,6.0,3,1
5090166,0,0,1,1,675000.0,0,4,3,1,42.0,2.0,2,1
5090214,1,1,1,0,135000.0,3,4,1,1,29.0,1.0,2,1
5092087,1,1,1,2,247500.0,3,4,1,1,47.0,1.0,4,1
5092245,0,0,0,0,103500.0,1,4,1,1,61.0,-0.0,2,1
5092479,1,0,0,1,85500.0,2,4,1,2,41.0,19.0,3,1
5096527,0,0,0,0,135000.0,3,4,4,0,55.0,2.0,1,1
5096743,0,0,1,0,180000.0,3,3,4,1,46.0,6.0,1,1
5097065,0,0,1,0,121500.0,3,4,1,1,52.0,22.0,2,1
5100430,1,1,0,0,180000.0,3,4,3,1,45.0,2.0,1,1
5105045,1,0,1,0,225000.0,1,4,4,1,63.0,-0.0,1,1
5106077,0,0,1,0,135000.0,0,4,1,1,54.0,19.0,2,1
5113621,1,0,0,0,225000.0,3,4,4,2,53.0,1.0,1,1
5113933,0,0,0,0,67500.0,1,4,4,1,64.0,-0.0,1,1
5113944,0,1,0,0,135000.0,1,4,1,1,64.0,-0.0,2,1
5114249,1,0,0,1,130500.0,3,2,1,4,31.0,5.0,3,1
5115604,0,0,1,0,202500.0,3,4,1,1,40.0,9.0,2,1
5115611,0,0,1,0,202500.0,3,4,3,1,40.0,9.0,2,1
5116035,1,1,1,0,126000.0,3,1,3,1,40.0,2.0,1,1
5116301,0,0,1,0,180000.0,1,4,1,1,62.0,-0.0,2,1
5116906,1,1,1,0,211500.0,1,4,1,1,41.0,21.0,2,1
5117313,0,0,1,1,157500.0,0,4,1,1,36.0,11.0,3,1
5117413,0,0,0,0,81000.0,1,4,2,1,61.0,-0.0,1,1
5118046,0,0,0,0,81000.0,1,4,4,1,65.0,-0.0,1,1
5118275,0,0,0,0,112500.0,1,4,1,2,59.0,-0.0,2,1
5118280,0,0,0,0,112500.0,1,4,3,2,59.0,-0.0,2,1
5118283,1,0,0,0,112500.0,1,4,1,2,59.0,-0.0,2,1
5118541,0,0,1,0,72000.0,3,4,1,1,50.0,3.0,2,1
5125289,0,0,0,1,202500.0,3,4,2,1,38.0,0.0,2,1
5125299,0,0,1,0,148500.0,1,4,1,1,57.0,-0.0,2,1
5125708,0,1,1,0,135000.0,3,3,1,1,45.0,2.0,2,1
5125761,1,0,1,0,270000.0,0,4,3,2,49.0,4.0,1,1
5125763,1,1,0,1,135000.0,0,4,3,1,36.0,4.0,3,1
5125934,0,0,1,2,135000.0,0,3,0,5,27.0,5.0,4,1
5135344,1,0,1,0,112500.0,0,1,1,1,55.0,2.0,2,1
5135485,0,0,1,0,135000.0,2,1,3,2,29.0,5.0,1,1
5135636,1,1,1,0,195750.0,3,4,1,1,52.0,3.0,2,1
5135990,0,0,1,1,585000.0,0,1,3,1,29.0,2.0,2,1
5142184,1,1,1,2,450000.0,0,1,1,1,49.0,12.0,4,1
5142361,1,1,1,1,112500.0,3,4,1,1,44.0,3.0,3,1
5142456,0,0,0,0,67500.0,0,1,2,1,52.0,1.0,1,1
5142458,0,0,1,0,67500.0,0,1,2,1,52.0,1.0,1,1
5143342,1,0,0,1,216000.0,3,4,1,2,35.0,7.0,3,1
5145690,0,0,1,0,306000.0,1,1,1,1,59.0,-0.0,2,1
5145817,0,0,1,0,90000.0,1,4,1,1,60.0,-0.0,2,1
5146005,1,1,1,0,225000.0,3,4,3,1,28.0,1.0,1,1
5146079,0,0,1,1,108000.0,3,4,1,1,35.0,3.0,3,1
5146167,0,0,1,0,135000.0,3,4,1,1,56.0,5.0,2,1
5146444,0,0,1,0,135000.0,3,4,4,1,39.0,3.0,1,1
5148932,1,1,0,0,108000.0,3,4,1,3,47.0,3.0,2,1
5149188,1,1,0,1,450000.0,3,1,1,1,27.0,1.0,3,1
5149828,1,1,1,0,315000.0,3,4,1,1,48.0,7.0,2,1
5149834,0,0,1,0,157500.0,0,1,1,1,34.0,4.0,2,1
5149838,0,0,1,0,157500.0,1,1,1,1,34.0,4.0,2,1
5118538,0,0,1,1,81000.0,3,4,1,2,43.0,17.0,3,0
5069057,1,1,0,0,225000.0,0,4,1,1,49.0,7.0,2,0
5066689,0,0,1,0,180000.0,0,1,0,1,35.0,1.0,2,0
5086062,0,0,1,0,135000.0,2,4,1,1,56.0,26.0,2,0
5113717,0,0,0,1,135000.0,3,4,1,1,45.0,8.0,3,0
5066765,0,0,1,1,63000.0,0,4,1,1,40.0,8.0,3,0
5105227,0,0,1,0,135000.0,3,4,1,1,48.0,6.0,2,0
5054648,0,0,1,0,112500.0,1,4,3,1,66.0,-0.0,1,0
5067187,0,0,1,0,112500.0,3,1,1,1,31.0,2.0,2,0
5105818,0,0,1,0,45000.0,1,4,1,1,60.0,-0.0,2,0
5125478,0,0,1,0,202500.0,1,4,1,1,57.0,-0.0,2,0
5046340,1,0,1,1,180000.0,3,3,1,1,29.0,5.0,3,0
5022326,1,1,1,0,256500.0,0,1,1,1,59.0,5.0,2,0
5065764,0,0,1,0,90000.0,3,4,3,1,40.0,2.0,1,0
5067849,0,0,1,0,180000.0,0,4,3,1,40.0,2.0,1,0
5097169,0,0,0,0,90000.0,0,4,3,1,29.0,2.0,1,0
5048583,0,0,1,0,135000.0,1,4,1,1,59.0,-0.0,2,0
5115566,1,0,1,0,126000.0,1,4,1,4,45.0,-0.0,2,0
5052722,0,0,0,0,126000.0,1,4,1,1,60.0,-0.0,2,0
5067723,0,0,1,1,337500.0,3,0,3,1,34.0,8.0,2,0
5056077,1,1,1,0,90000.0,3,4,1,1,33.0,4.0,2,0
5022275,1,1,1,0,131400.0,1,4,1,1,65.0,-0.0,2,0
5143016,1,0,0,0,180000.0,0,4,0,4,40.0,9.0,2,0
5066709,0,0,1,0,247500.0,1,4,4,1,67.0,-0.0,1,0
5021445,0,0,1,0,121500.0,3,4,1,5,36.0,14.0,2,0
5053592,0,0,1,1,117000.0,3,3,4,1,48.0,8.0,2,0
5116163,0,0,1,2,90000.0,3,4,1,1,27.0,1.0,4,0
5041273,1,0,1,0,445500.0,0,1,2,1,53.0,7.0,1,0
5125399,1,1,0,0,112500.0,3,4,1,1,28.0,2.0,2,0
5067345,0,1,0,0,180000.0,0,4,1,1,45.0,3.0,2,0
5053711,0,1,0,2,157500.0,0,2,1,1,35.0,4.0,4,0
5096234,0,0,0,0,117000.0,3,4,1,1,47.0,20.0,2,0
5125158,1,0,1,1,234000.0,3,4,1,1,33.0,5.0,3,0
5062688,1,1,1,0,247500.0,2,4,1,2,55.0,2.0,2,0
5105685,0,0,1,2,144000.0,3,4,1,1,39.0,8.0,4,0
5115984,1,1,1,2,180000.0,3,1,1,1,36.0,7.0,4,0
5065363,0,0,1,1,216000.0,3,1,3,1,29.0,5.0,2,0
5140074,0,0,1,0,90000.0,0,4,1,1,41.0,1.0,2,0
5067643,0,0,1,0,171000.0,1,1,1,1,55.0,-0.0,2,0
5091963,1,1,0,0,180000.0,3,4,1,2,52.0,4.0,2,0
5053637,0,0,0,0,225000.0,1,1,2,1,60.0,-0.0,1,0
5067149,1,0,0,2,225000.0,3,2,1,1,38.0,1.0,4,0
5096424,1,1,0,0,270000.0,0,1,2,1,32.0,6.0,1,0
5046283,0,0,1,0,67050.0,1,1,1,1,67.0,-0.0,2,0
5029348,1,1,1,0,270000.0,3,1,1,1,30.0,1.0,2,0
5096061,0,0,0,2,73350.0,3,4,1,1,39.0,19.0,4,0
5028917,0,1,1,0,112500.0,3,4,1,1,47.0,5.0,2,0
5117778,0,1,0,0,144000.0,3,4,4,1,39.0,4.0,1,0
5095310,0,1,1,0,225000.0,3,1,1,1,34.0,10.0,2,0
5050655,0,0,0,0,112500.0,3,4,1,1,40.0,3.0,2,0
5033817,0,1,0,1,292500.0,2,1,1,1,44.0,7.0,3,0
5052963,1,1,1,0,135000.0,0,4,1,1,27.0,7.0,2,0
5113159,1,1,1,0,157500.0,0,4,3,2,27.0,6.0,1,0
5132800,0,0,1,0,157500.0,3,4,2,1,51.0,4.0,1,0
5090549,0,0,1,0,157500.0,3,4,1,1,42.0,7.0,2,0
5054522,0,1,1,1,135000.0,3,1,1,1,27.0,6.0,3,0
5051061,0,0,0,2,112500.0,0,4,1,1,33.0,4.0,4,0
5010707,1,1,0,0,202500.0,3,4,1,1,43.0,14.0,2,0
5028984,0,0,1,0,193500.0,3,4,2,1,52.0,6.0,1,0
5126034,0,1,1,0,108000.0,3,4,2,1,47.0,3.0,1,0
5090470,1,0,1,1,900000.0,3,4,1,1,42.0,12.0,3,0
5021775,0,0,1,0,292500.0,0,1,0,1,40.0,4.0,2,0
5046415,1,1,1,0,270000.0,3,1,1,1,40.0,4.0,2,0
5065606,1,1,0,0,270000.0,1,1,1,1,64.0,-0.0,2,0
5117314,1,0,1,1,292500.0,3,4,1,1,46.0,5.0,3,0
5009195,0,0,0,0,292500.0,2,4,1,1,57.0,24.0,2,0
5139548,0,1,1,2,157500.0,0,1,1,1,37.0,17.0,4,0
5096416,0,0,0,0,76500.0,3,4,1,1,46.0,0.0,2,0
5042286,0,0,1,0,157500.0,3,4,3,1,30.0,3.0,1,0
5050729,1,1,0,0,180000.0,3,4,3,5,23.0,1.0,1,0
5038897,0,0,1,0,135000.0,1,4,1,1,63.0,-0.0,2,0
5050973,0,0,0,1,112500.0,2,4,3,1,44.0,21.0,2,0
5044935,1,0,1,2,360000.0,2,1,1,1,44.0,15.0,4,0
5113539,0,0,1,0,157500.0,3,4,1,1,57.0,5.0,2,0
5085990,0,1,1,0,225000.0,1,4,1,1,59.0,-0.0,2,0
5033452,0,0,0,0,112500.0,3,4,1,1,52.0,15.0,2,0
5051240,0,1,0,0,121500.0,1,4,3,1,64.0,-0.0,1,0
5065335,1,0,1,0,202500.0,0,3,1,4,27.0,5.0,2,0
5145978,0,1,0,0,112500.0,2,4,4,1,54.0,16.0,1,0
5105614,0,1,1,2,135000.0,3,1,1,1,34.0,1.0,4,0
5038845,0,0,1,0,103500.0,0,4,1,1,47.0,4.0,2,0
5105556,0,0,1,0,157500.0,3,4,1,1,54.0,12.0,2,0
5028383,1,1,0,0,337500.0,3,4,3,5,31.0,9.0,1,0
5009980,0,1,1,0,180000.0,2,4,1,1,57.0,11.0,2,0
5062075,0,0,1,0,112500.0,1,4,1,1,59.0,-0.0,2,0
5009706,0,0,0,0,157500.0,3,1,1,1,32.0,1.0,2,0
5146463,1,1,0,0,360000.0,2,1,1,1,27.0,5.0,2,0
5112662,0,0,0,1,135000.0,0,4,1,1,34.0,2.0,3,0
5096796,1,1,1,0,337500.0,3,1,2,1,36.0,2.0,1,0
5066843,0,0,1,0,135000.0,1,4,1,1,47.0,-0.0,2,0
5066597,0,0,0,1,360000.0,0,1,0,1,41.0,5.0,3,0
5009074,0,1,1,1,450000.0,2,1,1,1,49.0,2.0,3,0
5090954,0,0,0,0,270000.0,2,4,2,1,53.0,34.0,1,0
5143019,1,0,0,0,270000.0,3,4,1,5,32.0,2.0,2,0
5118617,0,0,0,0,270000.0,0,1,3,1,43.0,14.0,1,0
5116018,0,1,1,0,450000.0,1,1,4,1,61.0,-0.0,1,0
5139662,0,0,1,0,157500.0,1,3,1,1,64.0,-0.0,2,0
5042232,0,0,1,0,112500.0,0,4,3,1,35.0,17.0,1,0
5125317,1,1,0,0,292500.0,0,4,1,1,57.0,7.0,2,0
5068038,0,0,0,0,112500.0,2,4,1,5,47.0,26.0,2,0
5038814,0,0,1,0,247500.0,0,4,1,1,53.0,2.0,2,0
5095356,0,0,0,0,157500.0,3,4,3,5,25.0,3.0,1,0
5037266,1,1,0,0,225000.0,3,4,3,1,33.0,4.0,1,0
5052865,0,0,1,0,94500.0,0,2,1,1,38.0,9.0,2,0
5096211,1,0,0,0,81000.0,3,4,0,1,39.0,0.0,2,0
5023280,0,1,1,0,180000.0,0,4,1,1,46.0,7.0,2,0
5132340,0,0,1,2,198000.0,0,2,2,1,43.0,8.0,3,0
5136012,0,0,0,3,180000.0,3,1,1,1,37.0,19.0,5,0
5045917,1,1,1,0,315000.0,0,4,1,4,47.0,6.0,2,0
5041073,0,0,1,0,67500.0,3,4,3,1,50.0,1.0,2,0
5149660,0,0,1,1,180000.0,0,4,0,1,33.0,8.0,3,0
5022756,0,0,0,1,202500.0,0,4,2,1,30.0,9.0,2,0
5036562,0,0,0,1,112500.0,3,4,1,1,33.0,14.0,3,0
5117754,1,1,0,0,306000.0,3,4,1,1,44.0,5.0,2,0
5125281,0,0,1,1,90000.0,3,4,1,1,45.0,10.0,3,0
5149039,0,0,1,2,270000.0,0,1,0,1,30.0,10.0,4,0
5021267,0,1,1,1,270000.0,3,4,1,1,40.0,13.0,3,0
5125524,1,0,0,2,171000.0,3,4,1,2,38.0,16.0,4,0
5010089,0,0,0,0,225000.0,0,4,1,1,28.0,5.0,2,0
5126457,0,0,0,0,94500.0,3,1,1,1,46.0,1.0,2,0
5142763,0,0,0,0,117000.0,0,4,3,5,27.0,1.0,1,0
5023261,1,1,1,0,180000.0,0,4,1,1,58.0,5.0,2,0
5090861,0,1,1,0,202500.0,0,4,1,1,54.0,6.0,2,0
5146123,0,0,0,0,54000.0,1,4,3,1,55.0,-0.0,1,0
5023410,0,0,1,0,112500.0,1,4,1,1,59.0,-0.0,2,0
5010032,1,1,1,0,85500.0,1,4,1,1,61.0,-0.0,2,0
5118397,1,0,0,0,135000.0,3,4,1,1,47.0,5.0,2,0
5033628,0,0,1,0,166500.0,2,1,1,1,65.0,37.0,2,0
5069399,1,0,1,0,157500.0,3,4,3,1,23.0,4.0,1,0
5008889,0,0,1,0,247500.0,0,1,2,4,47.0,4.0,1,0
5022041,1,0,1,0,180000.0,3,4,1,1,28.0,4.0,2,0
5126124,0,1,0,0,72000.0,3,4,1,1,42.0,1.0,2,0
5023563,0,0,1,0,202500.0,3,4,4,1,49.0,27.0,1,0
5050853,1,0,0,0,180000.0,0,1,3,1,26.0,4.0,1,0
5024412,1,1,0,0,270000.0,3,1,1,1,51.0,14.0,2,0
5090612,0,1,0,0,202500.0,3,1,1,1,38.0,8.0,2,0
5028274,0,1,0,2,360000.0,3,2,1,1,35.0,6.0,4,0
5028996,1,1,1,0,270000.0,3,1,1,1,34.0,1.0,2,0
5126322,0,0,0,0,270000.0,3,4,1,1,49.0,5.0,2,0
5053610,0,0,1,0,112500.0,3,4,1,2,56.0,10.0,2,0
5137401,0,0,0,0,157500.0,3,1,2,1,47.0,8.0,1,0
5142812,1,1,0,0,202500.0,2,4,1,1,32.0,12.0,2,0
5053114,0,0,1,0,99000.0,1,4,1,1,65.0,-0.0,2,0
5149027,0,0,1,0,162000.0,1,4,1,1,62.0,-0.0,2,0
5145869,0,0,1,0,225000.0,1,4,2,1,57.0,-0.0,1,0
5053354,0,1,0,0,225000.0,3,4,1,1,50.0,0.0,2,0
5087944,0,0,1,0,72000.0,3,4,4,1,55.0,6.0,1,0
5035688,0,1,1,0,135000.0,3,4,0,1,45.0,23.0,2,0
5068491,1,0,0,1,315000.0,0,1,1,1,50.0,0.0,3,0
5044860,0,0,1,0,167400.0,1,4,1,1,52.0,-0.0,2,0
5117047,0,0,1,0,180000.0,1,4,4,1,63.0,-0.0,1,0
5022676,1,0,1,0,135000.0,1,4,1,1,64.0,-0.0,2,0
5009739,0,1,0,0,99000.0,3,4,1,1,40.0,12.0,2,0
5096991,0,0,1,1,225000.0,0,1,1,1,34.0,0.0,3,0
5067982,1,1,1,0,153000.0,3,1,2,5,55.0,21.0,1,0
5135982,0,0,1,0,423000.0,0,4,2,1,37.0,9.0,1,0
5046362,0,0,1,0,90000.0,3,4,0,5,39.0,0.0,2,0
5066817,0,1,0,1,360000.0,3,1,4,1,45.0,11.0,2,0
5143519,0,0,1,0,247500.0,1,4,3,1,64.0,-0.0,1,0
5068888,0,0,1,0,225000.0,3,4,1,1,64.0,13.0,2,0
5150412,0,0,1,0,67500.0,1,4,4,1,61.0,-0.0,1,0
5067924,0,0,1,0,112500.0,1,4,4,1,62.0,-0.0,1,0
5022308,0,0,1,0,90000.0,3,4,2,1,52.0,9.0,1,0
5068465,0,0,1,1,90000.0,0,4,1,1,28.0,5.0,3,0
5036881,0,1,1,0,225000.0,1,4,1,1,62.0,-0.0,2,0
5137033,1,1,0,1,112500.0,3,4,1,1,39.0,1.0,3,0
5148812,0,0,1,0,112500.0,1,4,1,1,61.0,-0.0,2,0
5100220,1,1,1,2,315000.0,0,4,1,1,42.0,17.0,4,0
5078842,0,1,1,1,135000.0,3,4,1,5,29.0,0.0,3,0
5010526,1,1,1,1,450000.0,3,1,1,3,51.0,7.0,3,0
5105150,0,0,1,0,90000.0,3,1,1,1,52.0,5.0,2,0
5045253,0,0,1,1,270000.0,3,4,1,1,57.0,10.0,3,0
5100000,0,0,0,1,180000.0,0,4,1,1,42.0,9.0,3,0
5029725,0,0,1,1,135000.0,0,1,1,1,27.0,8.0,3,0
5090925,0,0,1,0,243000.0,0,4,1,5,47.0,9.0,2,0
5115947,1,1,1,0,225000.0,3,4,3,1,26.0,3.0,1,0
5028572,0,0,1,0,112500.0,1,1,1,1,60.0,-0.0,2,0
5022373,0,0,1,1,234000.0,3,4,3,1,57.0,22.0,2,0
5149040,0,0,1,0,180000.0,3,4,0,1,54.0,10.0,2,0
5113291,0,1,1,2,121500.0,3,2,1,1,31.0,0.0,4,0
5139951,0,1,1,0,121500.0,2,4,1,1,55.0,9.0,2,0
5028697,1,1,0,1,270000.0,3,1,1,4,30.0,1.0,3,0
5148527,0,0,1,0,180000.0,1,4,1,1,64.0,-0.0,2,0
5009443,0,0,0,0,90000.0,2,4,1,1,26.0,5.0,2,0
5096621,0,0,0,1,135000.0,3,4,1,1,40.0,4.0,3,0
5149150,1,1,1,0,247500.0,3,4,1,1,30.0,10.0,2,0
5118448,0,0,0,1,76500.0,3,4,1,1,28.0,2.0,3,0
5116818,1,0,1,0,85500.0,2,4,2,0,45.0,24.0,1,0
5022833,1,1,1,0,202500.0,3,4,1,1,47.0,4.0,2,0
5086006,0,0,1,0,157500.0,1,4,4,1,59.0,-0.0,1,0
5010397,0,1,1,1,225000.0,3,1,1,1,39.0,4.0,3,0
5047789,0,1,1,0,225000.0,0,1,1,1,29.0,3.0,2,0
5105657,0,1,1,2,540000.0,3,1,3,1,39.0,1.0,3,0
5150047,0,0,1,0,283500.0,3,4,1,1,49.0,2.0,2,0
5035791,0,1,1,0,90000.0,1,4,4,1,60.0,-0.0,1,0
5088699,0,1,1,0,252000.0,3,4,1,1,48.0,3.0,2,0
5115797,0,0,1,1,135000.0,0,4,3,1,40.0,20.0,2,0
5023460,0,1,1,0,315000.0,1,4,3,1,58.0,-0.0,1,0
5096466,1,1,0,1,450000.0,3,1,1,1,53.0,15.0,3,0
5146472,0,1,1,0,180000.0,0,1,0,1,39.0,10.0,2,0
5024527,0,0,1,0,270000.0,1,4,4,1,57.0,-0.0,1,0
5068156,1,1,1,0,180000.0,3,4,1,1,54.0,9.0,2,0
5066507,0,0,1,0,157500.0,3,4,3,1,48.0,21.0,1,0
5143164,0,0,0,2,180000.0,0,4,1,1,38.0,4.0,4,0
5088834,0,0,1,0,612000.0,2,4,1,1,34.0,10.0,2,0
5023059,1,1,1,1,112500.0,3,4,1,1,31.0,1.0,3,0
5135574,0,1,1,0,180000.0,3,4,1,1,32.0,3.0,2,0
5009053,0,0,1,2,202500.0,3,1,1,1,30.0,6.0,4,0
5028292,0,0,1,0,292500.0,3,1,2,1,54.0,35.0,1,0
5029108,1,1,0,1,315000.0,2,4,1,1,36.0,10.0,3,0
5091400,0,0,0,0,135000.0,3,4,1,5,34.0,2.0,2,0
5050768,0,0,0,2,337500.0,3,4,1,1,30.0,6.0,4,0
5113420,0,0,0,1,157500.0,3,4,3,2,35.0,15.0,2,0
5113132,0,1,1,0,360000.0,0,4,1,1,52.0,10.0,2,0
5062670,0,1,1,1,135000.0,3,1,1,1,41.0,12.0,3,0
5105067,1,0,1,0,157500.0,3,2,1,1,37.0,1.0,2,0
5143573,1,1,0,0,157500.0,3,2,1,5,25.0,3.0,2,0
5045203,0,1,1,0,139500.0,1,4,1,1,58.0,-0.0,2,0
5065673,0,0,0,0,135000.0,3,4,3,1,32.0,13.0,1,0
5029544,0,1,1,1,133650.0,0,4,1,1,40.0,5.0,3,0
5045800,1,1,1,1,427500.0,3,4,1,1,33.0,7.0,3,0
5111159,0,1,1,1,81000.0,3,1,1,1,29.0,4.0,3,0
5099957,0,1,1,1,225000.0,0,1,1,1,31.0,1.0,3,0
5143360,0,0,1,0,126000.0,3,4,1,1,62.0,6.0,2,0
5091753,1,1,0,2,135000.0,3,1,1,1,35.0,4.0,4,0
5117403,0,0,0,0,94500.0,3,4,1,1,46.0,4.0,2,0
5149319,0,1,1,1,180000.0,3,1,2,1,52.0,16.0,2,0
5137542,0,0,0,0,157500.0,3,4,1,1,52.0,9.0,2,0
5095170,1,1,1,0,252000.0,0,1,1,1,38.0,7.0,2,0
5090780,0,0,0,1,202500.0,3,4,1,1,33.0,9.0,3,0
5092242,0,0,0,0,117000.0,3,4,1,1,57.0,6.0,2,0
5068671,1,0,1,0,247500.0,3,2,1,1,25.0,1.0,2,0
5143427,0,0,1,0,180000.0,1,4,3,1,64.0,-0.0,1,0
5087994,1,1,1,1,180000.0,0,2,0,1,43.0,18.0,3,0
5052739,0,0,1,2,180000.0,0,4,1,1,29.0,1.0,4,0
5068747,0,0,0,0,157500.0,3,1,0,5,36.0,1.0,2,0
5025029,0,0,0,0,135000.0,1,4,1,1,55.0,-0.0,2,0
5022571,1,1,1,0,202500.0,1,1,1,1,60.0,-0.0,2,0
5024578,0,0,0,1,90000.0,3,4,1,5,28.0,4.0,3,0
5058405,1,1,1,0,247500.0,3,1,1,1,35.0,7.0,2,0
5041869,1,1,0,0,99000.0,2,4,1,1,53.0,1.0,2,0
5115894,1,1,0,0,247500.0,0,4,1,1,48.0,4.0,2,0
5062749,1,1,0,1,202500.0,2,1,1,1,37.0,7.0,3,0
5045611,0,0,1,2,90000.0,3,4,1,1,32.0,2.0,4,0
5053003,0,1,1,0,157500.0,3,2,1,1,26.0,4.0,2,0
5118038,0,0,0,2,121500.0,3,1,1,1,32.0,2.0,4,0
5091405,0,0,1,0,135000.0,3,4,3,1,48.0,5.0,1,0
5137022,0,0,0,0,180000.0,2,4,4,1,50.0,1.0,1,0
5117594,0,0,0,0,144000.0,3,4,3,1,46.0,20.0,1,0
5085704,1,1,1,0,126000.0,1,4,1,1,53.0,-0.0,2,0
5137292,1,1,0,1,225000.0,3,4,1,1,42.0,20.0,3,0
5038751,1,1,1,2,157500.0,0,1,1,5,39.0,2.0,4,0
5099900,1,1,1,0,157500.0,0,4,1,1,56.0,19.0,2,0
5116676,1,1,1,3,270000.0,3,4,1,1,37.0,1.0,5,0
5061321,0,1,1,1,261000.0,2,1,1,1,41.0,4.0,3,0
5139410,0,1,1,2,135000.0,2,4,1,1,40.0,17.0,4,0
5048486,1,1,1,0,202500.0,3,4,1,1,36.0,2.0,2,0
5091280,1,0,1,1,103500.0,3,4,1,1,32.0,2.0,3,0
5023186,1,1,1,0,135000.0,3,4,1,1,47.0,7.0,2,0
5054307,1,0,0,1,135000.0,3,4,1,1,28.0,2.0,3,0
5116879,0,0,0,0,112500.0,3,1,3,5,30.0,0.0,1,0
5050453,1,0,1,1,231750.0,3,4,1,1,39.0,0.0,3,0
5022804,0,1,1,0,202500.0,3,1,4,1,33.0,4.0,1,0
5091374,1,1,1,0,247500.0,3,4,1,1,42.0,3.0,2,0
5054188,0,0,0,0,135000.0,3,4,1,1,31.0,1.0,2,0
5054626,0,0,1,0,112500.0,1,4,4,1,60.0,-0.0,1,0
5068548,1,1,1,0,117000.0,0,4,1,1,53.0,3.0,2,0
5053472,1,0,1,0,112500.0,3,4,1,1,51.0,6.0,2,0
5105395,0,0,1,0,135000.0,3,2,3,1,30.0,2.0,1,0
5029554,0,0,1,0,103500.0,1,4,4,1,65.0,-0.0,1,0
5089722,0,0,0,0,315000.0,0,4,2,1,48.0,9.0,1,0
5066562,0,0,0,0,180000.0,0,2,1,5,23.0,1.0,2,0
5062547,0,0,1,3,247500.0,0,2,1,1,33.0,6.0,5,0
5010203,1,1,1,0,135000.0,3,3,1,5,27.0,5.0,2,0
5024665,0,0,1,0,157500.0,3,4,1,1,40.0,13.0,2,0
5089626,0,0,0,0,315000.0,0,1,1,1,44.0,1.0,2,0
5021373,0,0,1,0,247500.0,3,1,1,1,61.0,2.0,2,0
5018461,0,0,1,1,166500.0,3,4,1,1,55.0,22.0,3,0
5096300,0,0,0,1,112500.0,0,4,1,1,26.0,6.0,3,0
5148897,1,0,1,0,90900.0,1,4,1,1,61.0,-0.0,2,0
5025047,0,1,0,3,112500.0,3,4,1,1,32.0,10.0,5,0
5092164,0,1,1,0,45900.0,1,4,4,1,56.0,-0.0,1,0
5053143,1,0,1,1,126000.0,3,4,0,1,34.0,0.0,3,0
5038510,0,0,1,0,103500.0,3,2,1,1,32.0,13.0,2,0
5023482,0,0,1,1,119250.0,3,4,1,1,44.0,12.0,3,0
5054099,1,1,0,2,202500.0,3,1,1,1,32.0,2.0,4,0
5062713,0,0,1,1,157500.0,3,4,1,1,40.0,10.0,3,0
5088851,0,1,1,0,112500.0,3,1,1,1,31.0,6.0,2,0
5111117,0,0,1,1,315000.0,3,1,1,1,32.0,4.0,3,0
5118115,1,0,0,1,270000.0,0,4,1,1,37.0,15.0,3,0
5024258,1,0,1,0,162000.0,3,4,3,1,31.0,2.0,1,0
5113976,1,1,0,0,270000.0,3,2,1,1,33.0,2.0,2,0
5099907,0,0,1,2,112500.0,3,2,1,1,30.0,5.0,4,0
5092332,0,0,1,0,58500.0,1,4,3,1,68.0,-0.0,1,0
5038932,0,0,1,0,94500.0,0,1,2,1,40.0,17.0,1,0
5078924,1,0,1,0,270000.0,3,4,1,1,44.0,3.0,2,0
5068390,0,1,1,1,270000.0,3,1,2,1,38.0,0.0,2,0
5046036,0,1,1,0,99000.0,1,4,0,1,59.0,-0.0,2,0
5033788,0,0,1,1,315000.0,3,1,2,1,43.0,13.0,2,0
5010781,0,1,1,1,157500.0,0,1,1,1,40.0,6.0,3,0
5022761,0,0,1,0,180000.0,3,4,1,1,27.0,4.0,2,0
5041980,0,0,0,0,211500.0,0,1,1,5,40.0,13.0,2,0
5113854,1,0,0,0,202500.0,3,4,3,1,42.0,23.0,1,0
5126612,0,1,0,0,180000.0,1,4,4,1,56.0,-0.0,1,0
5142136,0,0,0,2,144000.0,3,4,1,1,47.0,14.0,4,0
5088163,0,0,1,0,270000.0,3,4,3,1,35.0,3.0,1,0
5146086,1,0,0,0,148500.0,3,4,3,2,39.0,3.0,1,0
5041474,0,0,1,0,90000.0,0,1,1,1,25.0,2.0,2,0
5025020,0,0,1,0,148500.0,1,4,1,1,59.0,-0.0,2,0
5118270,0,0,0,0,99000.0,3,4,1,5,54.0,15.0,2,0
5095324,0,0,1,0,315000.0,1,4,4,1,63.0,-0.0,1,0
5142290,0,0,1,1,162000.0,2,1,0,1,41.0,0.0,3,0
5148792,0,0,1,0,202500.0,0,4,4,1,48.0,15.0,1,0
5062031,0,1,1,0,225000.0,3,1,3,1,27.0,2.0,1,0
5035418,0,0,1,0,292500.0,3,1,1,1,58.0,13.0,2,0
5089896,0,0,1,0,67500.0,1,1,3,2,65.0,-0.0,1,0
5095117,0,0,1,0,67500.0,3,1,1,1,39.0,4.0,2,0
5067419,0,0,1,0,144000.0,1,4,1,1,64.0,-0.0,2,0
5041307,0,1,1,0,90000.0,1,4,1,1,63.0,-0.0,2,0
5146401,0,0,1,0,112500.0,3,4,2,1,54.0,6.0,1,0
5105137,0,0,1,0,112500.0,3,4,3,1,27.0,3.0,1,0
5053388,0,0,1,0,135000.0,3,4,0,1,45.0,27.0,2,0
5113082,0,0,1,1,112500.0,3,1,3,1,42.0,3.0,2,0
5052755,1,0,1,0,225000.0,3,4,0,1,29.0,3.0,2,0
5092436,0,1,1,0,112500.0,1,4,1,1,55.0,-0.0,2,0
5022243,0,0,1,0,202500.0,3,4,1,1,42.0,23.0,2,0
5113020,1,1,1,0,202500.0,2,4,1,1,40.0,6.0,2,0
5058267,1,0,0,1,225000.0,0,4,1,5,49.0,5.0,3,0
5037247,1,1,1,2,112500.0,3,4,1,1,33.0,3.0,4,0
5100461,1,1,1,1,202500.0,0,4,0,1,34.0,7.0,3,0
5096753,1,1,0,0,328500.0,3,1,1,1,41.0,7.0,2,0
5091778,1,0,1,2,112500.0,0,4,1,1,30.0,3.0,4,0
5038569,1,1,1,0,202500.0,3,4,1,1,55.0,1.0,2,0
5069169,1,1,1,0,135000.0,3,4,1,1,28.0,3.0,2,0
5091048,0,0,1,2,270000.0,0,1,1,1,42.0,6.0,4,0
5097134,1,1,1,0,157500.0,3,4,1,1,31.0,7.0,2,0
5097106,0,0,1,0,193500.0,3,4,1,1,58.0,31.0,2,0
5099877,0,1,1,0,103500.0,1,4,1,1,59.0,-0.0,2,0
5033884,1,1,1,0,90000.0,3,4,1,1,55.0,3.0,2,0
5097024,1,1,0,0,198000.0,0,1,1,1,37.0,8.0,2,0
5010412,0,0,1,0,202500.0,1,4,1,1,60.0,-0.0,2,0
5091144,1,1,0,0,225000.0,3,4,1,1,30.0,4.0,2,0
5088503,1,1,1,0,72000.0,3,1,1,1,60.0,2.0,2,0
5126142,1,1,0,2,202500.0,3,4,1,1,44.0,10.0,4,0
5067020,0,1,1,1,247500.0,3,4,0,1,47.0,3.0,3,0
5061076,1,1,0,0,157500.0,2,4,1,1,41.0,9.0,2,0
5126527,0,0,0,0,225000.0,2,4,1,5,34.0,1.0,2,0
5078931,1,0,0,0,112500.0,0,4,3,2,43.0,1.0,1,0
5125471,1,1,1,1,450000.0,0,1,1,1,48.0,5.0,3,0
5025207,1,1,1,1,180000.0,0,4,1,1,27.0,0.0,3,0
5042097,0,0,0,1,108000.0,3,4,2,1,39.0,11.0,2,0
5067653,0,0,1,0,787500.0,2,1,1,1,47.0,4.0,2,0
5089137,0,1,0,0,202500.0,0,4,0,5,39.0,15.0,2,0
5065601,1,0,1,0,157500.0,0,4,1,1,57.0,3.0,2,0
5112833,0,0,1,1,90000.0,3,4,2,5,36.0,3.0,2,0
5050549,1,0,0,2,225000.0,3,1,0,1,46.0,8.0,4,0
5089269,0,0,0,0,72000.0,3,4,3,1,52.0,4.0,1,0
5028684,1,0,1,0,157500.0,3,4,1,1,26.0,8.0,2,0
5028737,1,0,1,0,360000.0,0,4,1,1,34.0,11.0,2,0
5113406,1,1,1,0,450000.0,0,1,3,1,30.0,2.0,1,0
5025741,0,1,0,0,216000.0,3,1,1,2,33.0,1.0,2,0
5045992,0,0,1,0,157500.0,0,4,1,1,42.0,12.0,2,0
5054453,1,1,1,0,315000.0,3,1,1,1,49.0,3.0,2,0
5024586,0,1,1,2,315000.0,2,4,1,1,34.0,3.0,4,0
5090701,0,0,0,0,594000.0,1,1,3,2,48.0,-0.0,1,0
5091929,0,1,0,0,135000.0,3,4,1,1,50.0,2.0,2,0
5149034,0,0,1,0,180000.0,2,1,1,1,48.0,3.0,2,0
5114114,1,1,0,0,157500.0,3,4,2,1,47.0,2.0,1,0
5142579,0,1,1,1,234000.0,3,4,3,1,57.0,8.0,2,0
5050756,1,1,0,0,225000.0,0,4,1,1,49.0,11.0,2,0
5047853,1,1,1,1,292500.0,0,1,1,1,34.0,9.0,3,0
5009790,0,0,0,0,198000.0,1,4,4,1,60.0,-0.0,1,0
5135819,0,0,1,0,90000.0,0,4,1,1,53.0,8.0,2,0
5092287,0,0,1,0,247500.0,1,1,1,1,61.0,-0.0,2,0
5028280,0,0,0,1,157500.0,0,2,1,5,33.0,8.0,3,0
5095896,0,0,0,1,112500.0,0,1,1,1,44.0,7.0,3,0
5024352,1,1,1,0,585000.0,0,4,1,5,46.0,5.0,2,0
5100027,0,1,0,0,180000.0,3,4,1,1,53.0,32.0,2,0
5028337,0,1,0,1,225000.0,3,1,3,5,38.0,15.0,2,0
5090788,0,1,1,1,225000.0,0,4,2,1,30.0,4.0,2,0
5046126,0,0,1,0,135000.0,3,4,1,1,56.0,8.0,2,0
5092265,1,0,1,0,112500.0,3,4,0,1,49.0,1.0,2,0
5143319,0,1,1,0,112500.0,1,4,1,1,57.0,-0.0,2,0
5114354,1,1,0,0,180000.0,0,4,1,2,27.0,8.0,2,0
5117248,0,0,1,2,112500.0,3,4,1,1,36.0,7.0,4,0
5024386,0,0,0,0,117000.0,3,4,1,2,37.0,4.0,2,0
5026178,1,1,1,0,135000.0,3,4,1,1,53.0,21.0,2,0
5033439,1,1,0,2,270000.0,3,1,1,1,32.0,8.0,4,0
5089320,0,1,0,0,135000.0,0,1,1,1,32.0,2.0,2,0
5053872,1,1,1,1,157500.0,3,4,1,1,32.0,6.0,3,0
5091735,0,1,1,0,243000.0,3,4,3,1,40.0,6.0,1,0
5105791,1,0,0,0,121500.0,2,2,3,1,25.0,4.0,1,0
5125928,1,0,1,1,135000.0,3,4,1,1,32.0,2.0,3,0
5115662,1,1,1,0,225000.0,0,1,3,1,44.0,7.0,1,0
5029256,1,1,1,2,225000.0,3,1,1,1,37.0,3.0,4,0
5136029,1,1,0,0,112500.0,2,4,1,1,54.0,6.0,2,0
5037157,0,0,1,0,157500.0,1,4,1,1,63.0,-0.0,2,0
5046531,1,1,0,0,202500.0,1,1,1,1,55.0,-0.0,2,0
5023177,0,0,1,1,337500.0,3,4,0,1,49.0,13.0,3,0
5021967,0,0,0,1,103500.0,3,4,1,1,32.0,3.0,3,0
5135530,0,1,1,0,99000.0,1,4,1,1,58.0,-0.0,2,0
5146534,0,1,0,1,67500.0,2,4,1,1,42.0,3.0,3,0
5126101,0,0,1,0,112500.0,1,4,1,1,58.0,-0.0,2,0
5100394,1,0,1,1,315000.0,0,4,1,1,34.0,11.0,3,0
5079035,0,0,1,0,135000.0,1,3,1,1,62.0,-0.0,2,0
5095631,1,1,0,1,180000.0,3,1,1,1,31.0,1.0,3,0
5113647,0,0,1,0,225000.0,3,2,1,1,34.0,1.0,2,0
5046336,0,0,0,1,85500.0,3,4,0,1,28.0,2.0,3,0
5028781,0,0,1,0,135000.0,3,4,1,1,43.0,8.0,2,0
5125730,0,1,1,1,119700.0,3,1,1,1,36.0,9.0,3,0
5023724,1,1,0,1,495000.0,3,4,1,1,28.0,1.0,3,0
5116369,1,0,1,0,112500.0,3,4,1,1,53.0,10.0,2,0
5062214,0,0,1,2,153000.0,0,1,1,1,36.0,4.0,4,0
5009023,0,0,1,2,216000.0,2,1,1,1,42.0,9.0,4,0
5028946,0,0,1,0,90000.0,2,4,1,1,48.0,1.0,2,0
5068470,0,0,0,1,108000.0,0,4,1,1,42.0,2.0,3,0
5045828,0,0,1,0,270000.0,1,1,1,1,61.0,-0.0,2,0
5095930,0,0,0,0,76500.0,1,4,1,1,56.0,-0.0,2,0
5090049,0,0,1,0,69372.0,3,4,1,1,44.0,1.0,2,0
5067730,0,0,1,1,135000.0,0,2,1,1,28.0,7.0,3,0
5105560,0,0,1,0,202500.0,0,4,0,1,46.0,12.0,2,0
5099914,0,0,1,2,126000.0,3,4,1,1,27.0,4.0,4,0
5053032,0,0,1,0,135000.0,1,4,1,1,57.0,-0.0,2,0
5150038,1,0,0,0,180000.0,3,4,3,5,35.0,4.0,1,0
5053678,0,1,1,0,225000.0,0,4,3,1,33.0,4.0,1,0
5087538,1,0,1,0,81000.0,0,1,3,1,27.0,5.0,1,0
5050440,0,1,1,1,157500.0,3,2,0,1,36.0,8.0,3,0
5096670,0,0,0,0,90000.0,1,4,4,1,59.0,-0.0,1,0
5061611,1,1,1,1,225000.0,3,4,1,1,31.0,2.0,3,0
5065342,0,0,1,0,157500.0,1,4,1,1,62.0,-0.0,2,0
5041066,0,0,1,0,103500.0,3,4,3,1,48.0,6.0,1,0
5105819,1,1,0,2,202500.0,0,1,1,1,32.0,1.0,4,0
5135460,0,0,1,3,37800.0,1,4,1,1,36.0,-0.0,5,0
5009319,0,1,0,0,135000.0,1,4,1,1,55.0,-0.0,2,0
5091006,0,0,1,0,157500.0,0,4,1,1,47.0,9.0,2,0
5117202,0,0,1,0,135000.0,3,4,3,1,37.0,0.0,1,0
5074739,1,0,1,1,225000.0,3,1,1,1,36.0,10.0,3,0
5009472,0,0,0,0,157500.0,3,4,1,1,54.0,27.0,2,0
5135378,0,0,1,0,387000.0,0,4,1,1,55.0,14.0,2,0
5135489,1,1,1,2,225000.0,3,4,1,1,28.0,9.0,4,0
5067016,1,0,1,0,225000.0,3,4,3,1,27.0,1.0,1,0
5024097,0,1,0,0,126000.0,2,2,3,1,33.0,14.0,1,0
5008865,0,1,1,2,135000.0,3,4,1,1,43.0,9.0,4,0
5116640,0,0,1,1,202500.0,3,4,1,1,43.0,2.0,3,0
5089770,1,1,1,2,225000.0,3,4,1,1,30.0,7.0,4,0
5009118,0,0,0,0,157500.0,0,1,2,5,43.0,1.0,1,0
5042296,1,1,1,1,202500.0,3,4,1,1,42.0,6.0,3,0
5010185,1,0,0,1,247500.0,3,4,3,1,46.0,18.0,2,0
5090509,1,1,1,0,225000.0,0,1,1,1,30.0,0.0,2,0
5113006,1,1,0,1,112500.0,3,4,1,1,54.0,6.0,3,0
5026368,1,0,1,1,112500.0,3,1,1,1,37.0,15.0,3,0
5095905,0,0,0,0,135000.0,2,4,3,1,42.0,4.0,1,0
5113440,0,0,1,0,207000.0,3,4,3,1,51.0,7.0,1,0
5069289,0,0,1,0,270000.0,0,2,1,1,41.0,9.0,2,0
5135938,0,1,0,2,315000.0,3,4,1,1,43.0,10.0,4,0
5118026,0,0,0,0,315000.0,0,4,1,1,37.0,9.0,2,0
5053524,0,0,1,0,112500.0,3,4,1,1,40.0,7.0,2,0
5010567,0,1,1,0,121500.0,3,1,1,1,28.0,5.0,2,0
5046003,0,0,1,1,225000.0,3,4,3,1,41.0,9.0,2,0
5118225,1,1,0,0,225000.0,3,4,0,3,57.0,9.0,2,0
5036187,0,1,1,1,157500.0,1,4,1,1,57.0,-0.0,3,0
5050635,0,0,0,0,225000.0,2,4,1,1,37.0,8.0,2,0
5067444,0,1,1,0,135000.0,1,4,1,1,63.0,-0.0,2,0
5088805,1,1,1,0,225000.0,2,4,1,1,38.0,10.0,2,0
5117331,0,1,1,0,270000.0,0,4,2,1,41.0,6.0,1,0
5045113,0,0,1,0,202500.0,1,4,4,1,58.0,-0.0,1,0
5067281,1,0,1,1,135000.0,3,4,0,1,36.0,7.0,3,0
5137385,0,0,0,0,112500.0,1,4,0,1,64.0,-0.0,2,0
5066832,0,1,1,0,157500.0,1,3,1,1,60.0,-0.0,2,0
5023092,0,0,0,0,202500.0,3,4,2,1,46.0,11.0,1,0
5079016,1,1,1,2,900000.0,0,1,1,1,27.0,3.0,4,0
5139761,1,1,1,0,337500.0,3,1,1,1,65.0,21.0,2,0
5033906,1,1,1,0,90000.0,1,4,1,1,50.0,-0.0,2,0
5029251,1,0,1,0,157500.0,3,1,1,1,38.0,12.0,2,0
5091824,1,0,1,0,270000.0,0,4,3,1,40.0,16.0,1,0
5132569,0,0,1,1,112500.0,0,4,0,1,41.0,4.0,3,0
5021490,1,0,1,0,135000.0,3,4,3,1,29.0,2.0,1,0
5035859,0,0,1,0,270000.0,0,4,3,1,58.0,7.0,1,0
5022025,1,1,1,0,112500.0,3,4,3,1,27.0,4.0,1,0
5116613,1,0,1,0,225000.0,0,4,1,1,32.0,10.0,2,0
5115884,0,0,1,0,54000.0,1,1,1,1,67.0,-0.0,2,0
5010303,0,0,1,0,189000.0,0,4,1,1,55.0,17.0,2,0
5142496,0,1,1,1,135000.0,0,1,1,1,42.0,8.0,3,0
5046398,0,0,1,0,157500.0,1,4,3,1,66.0,-0.0,1,0
5125585,0,0,1,0,121500.0,1,4,1,1,62.0,-0.0,2,0
5113302,1,0,1,1,180000.0,3,1,1,5,43.0,5.0,3,0
5139321,0,0,1,0,121500.0,1,1,4,1,66.0,-0.0,1,0
5053918,0,1,0,0,225000.0,3,1,0,1,40.0,7.0,2,0
5067102,0,0,0,0,180000.0,0,4,3,2,46.0,12.0,1,0
5022118,1,0,1,0,315000.0,3,4,1,1,54.0,3.0,2,0
5022954,1,1,1,0,112500.0,3,4,1,1,50.0,1.0,2,0
5047667,0,0,0,0,90000.0,0,4,1,1,24.0,1.0,2,0
5091718,0,1,1,0,90000.0,0,4,1,1,39.0,6.0,2,0
5009586,0,0,0,0,45000.0,3,4,2,1,39.0,2.0,1,0
5097170,1,1,1,0,180000.0,2,4,1,1,26.0,7.0,2,0
5062594,1,1,1,1,135000.0,2,1,1,1,25.0,0.0,3,0
5033831,1,1,1,0,135000.0,3,1,0,1,53.0,2.0,2,0
5046086,0,1,1,0,99000.0,3,4,1,1,58.0,6.0,2,0
5135946,1,0,1,0,270000.0,3,1,3,1,42.0,9.0,1,0
5149592,0,0,1,0,157500.0,3,1,1,1,34.0,5.0,2,0
5009845,1,1,0,0,180000.0,3,4,1,1,44.0,0.0,2,0
5117716,1,1,0,0,315000.0,3,4,1,1,46.0,14.0,2,0
5096169,0,0,0,0,112500.0,0,4,1,1,54.0,2.0,2,0
5139823,1,0,1,0,108000.0,3,4,1,1,44.0,20.0,2,0
5067542,0,0,1,0,180000.0,0,4,1,1,58.0,7.0,2,0
5090871,0,0,0,2,225000.0,3,4,1,1,39.0,3.0,4,0
5033729,1,1,1,0,90000.0,3,4,1,1,33.0,15.0,2,0
5037212,1,1,1,0,292500.0,2,1,1,1,35.0,6.0,2,0
5116319,0,0,1,2,157500.0,3,4,1,1,39.0,5.0,4,0
5146318,0,0,1,0,135000.0,3,4,2,1,40.0,4.0,1,0
5042082,0,1,0,0,315000.0,0,1,1,1,53.0,5.0,2,0
5091416,0,0,1,0,225000.0,3,1,1,1,44.0,8.0,2,0
5041675,0,1,1,1,333000.0,0,1,1,1,32.0,4.0,3,0
5048425,0,0,1,0,171000.0,3,4,3,1,54.0,23.0,1,0
5145965,0,0,0,2,130500.0,3,4,1,1,42.0,10.0,4,0
5126543,0,1,0,0,112500.0,3,4,1,1,28.0,9.0,2,0
5033881,1,1,0,1,202500.0,0,2,1,1,30.0,10.0,3,0
5068378,0,0,1,1,126000.0,3,1,1,1,35.0,4.0,3,0
5029194,1,1,1,0,225000.0,3,4,1,1,53.0,8.0,2,0
5010025,0,0,1,0,135000.0,3,4,1,1,57.0,6.0,2,0
5091016,0,0,1,1,112500.0,3,4,1,1,39.0,12.0,3,0
5149744,0,0,1,1,105750.0,3,4,1,5,35.0,4.0,3,0
5089760,1,1,1,0,180000.0,2,1,3,1,22.0,2.0,1,0
5053642,1,0,0,0,360000.0,0,1,1,1,56.0,5.0,2,0
5089934,1,1,0,0,157500.0,0,4,1,1,53.0,14.0,2,0
5143465,0,0,1,0,90000.0,1,4,3,1,64.0,-0.0,1,0
5125127,0,0,1,0,112500.0,3,4,3,1,44.0,5.0,1,0
5113163,0,1,1,1,180000.0,3,4,1,1,34.0,10.0,3,0
5116883,1,1,1,0,225000.0,3,4,1,1,49.0,4.0,2,0
5037008,0,0,1,0,67500.0,1,4,3,1,56.0,-0.0,1,0
5090126,1,1,1,0,270000.0,3,4,3,1,38.0,4.0,1,0
5036648,0,0,0,0,202500.0,0,1,1,1,31.0,10.0,2,0
5090335,0,1,1,0,144000.0,0,4,0,1,36.0,10.0,2,0
5053182,1,1,1,0,207000.0,1,1,1,1,67.0,-0.0,2,0
5024163,1,1,1,3,202500.0,3,4,1,1,37.0,5.0,5,0
5115633,1,0,0,0,202500.0,3,4,0,1,62.0,0.0,2,0
5126311,1,0,0,0,180000.0,3,2,0,5,21.0,1.0,2,0
5135779,0,0,1,0,126000.0,3,4,1,1,65.0,6.0,2,0
5054697,1,1,1,0,157500.0,3,1,1,1,45.0,19.0,2,0
5116343,1,1,1,1,225000.0,2,4,1,1,32.0,11.0,3,0
5054348,0,0,0,0,103500.0,3,4,3,1,34.0,1.0,1,0
5099980,1,0,1,0,90000.0,3,4,2,1,41.0,3.0,1,0
5087829,1,0,1,0,135000.0,2,4,1,4,29.0,6.0,2,0
5051050,1,1,0,0,67500.0,3,4,1,1,61.0,6.0,2,0
5148872,0,0,1,0,135000.0,2,2,1,1,42.0,9.0,2,0
5117323,0,0,1,1,382500.0,2,1,3,5,33.0,2.0,2,0
5088101,0,1,1,0,270000.0,3,4,2,1,46.0,1.0,1,0
5023587,1,0,0,0,202500.0,3,4,2,1,39.0,17.0,1,0
5028547,1,1,0,1,292500.0,3,4,2,1,35.0,3.0,2,0
5149402,0,0,0,1,135000.0,0,4,1,5,38.0,3.0,3,0
5095554,0,0,0,0,76500.0,1,4,1,1,64.0,-0.0,2,0
5067090,1,0,0,0,180000.0,3,4,1,1,37.0,13.0,2,0
5041147,0,0,1,0,90000.0,1,4,0,1,64.0,-0.0,2,0
5136976,0,0,0,0,306000.0,2,1,1,1,35.0,15.0,2,0
5058366,0,0,0,0,90000.0,1,4,3,2,55.0,-0.0,1,0
5045844,0,1,0,0,193500.0,3,4,1,1,57.0,25.0,2,0
5115814,1,0,1,3,180000.0,3,4,1,1,39.0,19.0,5,0
5062362,0,0,1,0,270000.0,1,1,1,1,57.0,-0.0,2,0
5010596,0,0,1,0,112500.0,1,4,1,1,63.0,-0.0,2,0
5113472,1,0,1,0,202500.0,3,4,1,1,53.0,1.0,2,0
5041535,0,0,1,0,180000.0,0,4,4,1,54.0,4.0,1,0
5066617,0,0,1,0,139500.0,3,4,1,1,51.0,0.0,2,0
5126751,1,1,0,2,135000.0,3,4,1,5,46.0,2.0,4,0
5009908,1,1,0,0,202500.0,3,4,1,1,52.0,10.0,2,0
5068337,0,1,1,0,112500.0,3,1,1,1,28.0,1.0,2,0
5105535,1,1,1,0,126000.0,1,4,2,1,56.0,-0.0,1,0
5061724,0,0,1,0,193500.0,1,2,4,1,67.0,-0.0,1,0
5035627,1,1,1,0,337500.0,3,1,1,1,50.0,19.0,2,0
5074705,0,0,1,0,157500.0,3,1,3,1,61.0,29.0,1,0
5114061,1,1,0,1,193500.0,3,1,1,1,49.0,11.0,3,0
5100373,0,0,1,2,180000.0,0,4,1,1,35.0,11.0,4,0
5112765,0,1,0,1,315000.0,0,1,1,1,30.0,6.0,3,0
5045439,1,1,1,0,180000.0,1,1,1,1,65.0,-0.0,2,0
5113922,0,0,0,0,90000.0,1,4,3,2,64.0,-0.0,1,0
5037125,1,1,0,0,180000.0,3,1,1,5,32.0,6.0,2,0
5029538,0,0,1,0,112500.0,3,1,0,1,35.0,3.0,2,0
5010078,1,1,0,2,157500.0,3,4,1,2,34.0,3.0,4,0
5085861,0,0,1,0,135000.0,3,4,1,1,50.0,14.0,2,0
5009146,1,1,0,0,315000.0,3,1,1,1,43.0,10.0,2,0
5149433,0,1,1,0,112500.0,3,4,4,1,54.0,7.0,1,0
5061753,0,0,1,0,135000.0,1,4,1,1,63.0,-0.0,2,0
5143009,1,1,0,1,99000.0,1,4,1,1,51.0,-0.0,3,0
5096318,1,1,0,0,270000.0,0,1,3,1,26.0,0.0,1,0
5038615,0,0,0,1,112500.0,0,1,1,5,34.0,9.0,3,0
5047670,0,0,0,1,180000.0,2,1,1,1,39.0,7.0,3,0
5044987,0,0,1,0,141750.0,1,1,1,1,56.0,-0.0,2,0
5036828,0,0,1,0,180000.0,3,1,1,1,53.0,12.0,2,0
5139892,0,0,1,0,112500.0,2,4,0,1,51.0,17.0,2,0
5135446,0,0,1,1,225000.0,3,4,1,5,27.0,0.0,3,0
5095586,0,0,0,0,270000.0,3,2,0,1,24.0,1.0,2,0
5068963,1,1,0,0,202500.0,3,1,1,1,42.0,8.0,2,0
5022047,1,1,1,0,135000.0,3,4,1,3,41.0,22.0,2,0
5048121,1,1,1,2,292500.0,0,4,1,1,33.0,7.0,4,0
5117219,0,0,1,0,202500.0,3,4,0,1,30.0,5.0,2,0
5009821,0,1,0,0,99000.0,3,4,1,1,41.0,15.0,2,0
5033500,1,0,1,0,202500.0,0,4,1,1,48.0,5.0,2,0
5058281,0,0,1,0,306000.0,0,1,1,1,41.0,9.0,2,0
5054373,0,0,0,0,148500.0,1,4,4,1,57.0,-0.0,1,0
5142988,0,0,0,1,135000.0,3,1,1,1,29.0,4.0,3,0
5137229,1,1,0,0,180000.0,0,4,1,2,39.0,7.0,2,0
5113373,0,0,1,1,180000.0,1,1,1,1,52.0,-0.0,3,0
5053152,0,0,1,0,157500.0,1,4,4,1,65.0,-0.0,1,0
5142899,0,0,0,0,112500.0,0,1,3,5,25.0,1.0,1,0
5113510,1,1,1,0,180000.0,3,4,1,1,47.0,0.0,2,0
5149484,0,1,1,1,135000.0,0,1,1,1,31.0,7.0,3,0
5092221,1,0,0,0,67500.0,2,4,1,1,32.0,8.0,2,0
5067003,1,1,1,0,202500.0,3,4,1,1,51.0,33.0,2,0
5023838,0,1,0,0,315000.0,0,4,0,1,54.0,3.0,2,0
5095433,0,0,1,0,292500.0,3,1,1,1,51.0,25.0,2,0
5033797,0,1,1,0,148500.0,0,4,1,3,47.0,6.0,2,0
5104953,1,1,1,0,180000.0,3,4,1,1,59.0,7.0,2,0
5100098,0,0,1,0,90000.0,3,4,1,1,30.0,2.0,2,0
5091792,1,1,1,1,135000.0,3,4,1,1,42.0,8.0,3,0
5149805,0,0,1,0,135000.0,2,2,3,5,27.0,6.0,1,0
5089681,0,0,0,0,261000.0,0,2,1,1,27.0,3.0,2,0
5052678,0,0,1,1,135000.0,3,1,1,1,43.0,22.0,3,0
5116809,0,0,1,0,112500.0,3,4,1,1,50.0,2.0,2,0
5143353,1,1,0,0,135000.0,3,4,1,1,29.0,4.0,2,0
5090232,0,0,1,0,135000.0,3,4,4,1,60.0,26.0,1,0
5117095,1,1,1,0,360000.0,1,4,1,1,38.0,-0.0,2,0
5088987,0,0,0,2,171000.0,3,4,1,1,40.0,3.0,4,0
5021584,0,0,0,1,40500.0,2,4,1,4,36.0,5.0,3,0
5009291,0,0,0,0,130500.0,3,4,0,1,41.0,13.0,2,0
5051007,0,0,0,0,306000.0,0,1,1,1,29.0,4.0,2,0
5024263,0,1,0,0,202500.0,0,4,1,2,58.0,3.0,2,0
5125771,0,0,1,0,112500.0,3,4,1,1,64.0,1.0,2,0
5021879,1,1,0,2,112500.0,3,4,1,1,36.0,1.0,4,0
5137247,0,0,0,0,90000.0,3,4,1,1,48.0,9.0,2,0
5096336,0,1,0,0,153000.0,1,4,4,1,65.0,-0.0,1,0
5061762,0,1,0,1,135000.0,3,1,1,4,31.0,2.0,3,0
5069117,0,0,1,0,180000.0,1,4,3,1,56.0,-0.0,1,0
5009579,0,0,0,0,112500.0,1,4,1,1,58.0,-0.0,2,0
5048319,0,0,0,0,90000.0,3,1,2,1,60.0,4.0,1,0
5023389,1,1,1,2,157500.0,0,1,1,1,37.0,6.0,4,0
5143457,1,1,1,0,247500.0,2,4,0,1,33.0,5.0,2,0
5089225,1,0,0,0,112500.0,1,4,1,1,63.0,-0.0,2,0
5069257,0,1,1,1,67500.0,3,4,1,1,35.0,3.0,3,0
5022730,1,1,0,3,360000.0,0,4,1,1,42.0,5.0,5,0
5149413,0,0,1,2,315000.0,0,1,1,1,30.0,0.0,4,0
5062745,0,0,1,0,157500.0,3,4,1,1,41.0,3.0,2,0
5105565,1,0,1,0,135000.0,1,4,0,1,63.0,-0.0,2,0
5114544,0,0,1,0,166500.0,3,2,1,1,30.0,11.0,2,0
5078841,1,0,1,0,225000.0,3,4,1,1,56.0,9.0,2,0
5117392,0,0,0,0,135000.0,0,2,3,1,48.0,1.0,1,0
5022189,0,0,0,1,135000.0,0,4,2,1,42.0,22.0,2,0
5105422,0,0,1,0,193500.0,3,4,3,1,51.0,27.0,1,0
5067832,0,1,1,0,315000.0,3,1,1,1,59.0,2.0,2,0
5090995,1,1,1,0,405000.0,3,1,1,1,28.0,7.0,2,0
5089512,0,1,0,1,405000.0,3,4,1,4,38.0,5.0,3,0
5116373,0,0,0,1,90000.0,3,4,1,5,28.0,3.0,3,0
5149106,1,0,1,2,270000.0,3,4,1,1,34.0,10.0,4,0
5052620,1,1,1,1,180000.0,0,4,1,1,44.0,5.0,3,0
5087819,1,0,1,2,112500.0,3,4,1,1,43.0,4.0,4,0
5113639,0,0,0,0,135000.0,1,1,1,2,54.0,-0.0,2,0
5052811,0,0,1,0,117000.0,3,4,1,1,47.0,12.0,2,0
5095751,0,0,0,0,202500.0,3,4,1,5,35.0,1.0,2,0
5096785,0,1,1,0,270000.0,1,4,1,1,66.0,-0.0,2,0
5062286,1,0,1,0,202500.0,0,4,1,1,23.0,3.0,2,0
5090805,0,0,0,0,135000.0,3,4,3,1,46.0,18.0,1,0
5079075,0,0,1,0,216000.0,3,4,1,1,43.0,4.0,2,0
5051008,0,0,0,1,225000.0,0,4,1,1,29.0,9.0,3,0
5100106,1,1,0,0,81000.0,3,4,1,1,48.0,9.0,2,0
5094896,1,1,1,1,180000.0,3,4,0,1,39.0,11.0,3,0
5050894,1,1,0,0,292500.0,1,4,1,1,52.0,-0.0,2,0
5054414,1,0,0,0,225000.0,0,1,1,5,36.0,14.0,2,0
5025791,0,0,1,0,157500.0,3,4,1,1,51.0,10.0,2,0
5067949,0,0,1,0,157500.0,0,4,3,1,50.0,10.0,1,0
5142482,1,1,0,2,166500.0,0,1,1,1,34.0,3.0,4,0
5115957,0,1,1,0,180000.0,3,4,4,1,42.0,12.0,1,0
5010881,0,0,1,0,45000.0,1,4,1,1,57.0,-0.0,2,0
5029423,0,0,1,1,315000.0,2,4,0,1,31.0,7.0,3,0
5105159,1,0,1,2,450000.0,0,1,1,1,34.0,6.0,4,0
5029610,0,1,1,0,180000.0,0,1,3,1,42.0,20.0,1,0
5117450,0,0,0,2,90000.0,3,4,1,1,33.0,0.0,4,0
5023949,1,1,1,1,148500.0,3,4,1,1,41.0,14.0,3,0
5089737,0,1,0,0,135000.0,3,4,1,1,52.0,19.0,2,0
5143402,1,1,1,0,144000.0,0,1,1,1,53.0,6.0,2,0
5136909,1,0,0,1,360000.0,3,4,1,1,42.0,8.0,3,0
5143596,0,0,0,0,90000.0,3,4,0,1,32.0,9.0,2,0
5095939,1,0,0,0,157500.0,3,4,1,1,48.0,10.0,2,0
5113343,1,0,1,2,135000.0,3,4,1,1,31.0,13.0,4,0
5142920,0,0,0,1,292500.0,3,2,1,1,34.0,11.0,3,0
5114294,0,0,0,0,112500.0,2,4,4,1,53.0,14.0,1,0
5088055,0,0,1,0,216000.0,3,4,3,1,49.0,8.0,1,0
5142815,1,1,0,0,126000.0,0,2,1,1,28.0,8.0,2,0
5054460,1,1,0,1,135000.0,3,4,1,1,52.0,5.0,3,0
5113134,0,0,1,0,189000.0,1,2,4,1,60.0,-0.0,1,0
5069380,1,0,1,0,337500.0,3,4,3,1,46.0,3.0,1,0
5065798,0,0,1,0,44550.0,1,4,1,1,63.0,-0.0,2,0
5036396,0,1,1,0,112500.0,3,4,0,1,37.0,3.0,2,0
5148535,0,0,1,1,157500.0,3,4,1,1,29.0,5.0,3,0
5105436,1,0,1,2,112500.0,3,4,0,1,39.0,6.0,4,0
5105412,0,0,1,2,135000.0,3,4,1,1,35.0,4.0,4,0
5142584,1,1,1,0,301500.0,3,4,1,4,25.0,2.0,2,0
5054297,0,1,0,0,112500.0,3,4,1,1,39.0,20.0,2,0
5118108,1,1,0,0,90000.0,3,4,3,1,23.0,3.0,1,0
5054106,0,0,0,0,67500.0,1,4,2,1,59.0,-0.0,1,0
5010683,1,1,1,0,292500.0,3,1,1,1,28.0,6.0,2,0
5045850,0,1,1,2,315000.0,0,1,1,5,35.0,4.0,4,0
5058371,0,0,1,0,117000.0,3,4,1,1,48.0,1.0,2,0
5068147,0,0,1,0,157500.0,1,4,3,1,56.0,-0.0,1,0
5137187,0,1,0,0,67500.0,3,4,1,1,31.0,5.0,2,0
5139859,1,1,1,0,189000.0,1,4,2,1,55.0,-0.0,1,0
5095873,0,0,0,0,202500.0,3,1,0,1,42.0,14.0,2,0
5126809,1,0,1,1,157500.0,0,4,1,1,29.0,6.0,3,0
5096604,0,1,0,1,225000.0,3,1,0,1,37.0,3.0,3,0
5036765,0,0,0,1,112500.0,3,4,1,1,35.0,3.0,3,0
5091880,0,1,1,0,202500.0,0,4,1,1,51.0,19.0,2,0
5090082,1,0,0,0,180000.0,0,4,1,1,41.0,5.0,2,0
5061481,0,0,1,1,225000.0,0,1,1,1,26.0,6.0,3,0
5125235,0,0,1,2,157500.0,0,1,1,1,38.0,0.0,4,0
5089474,1,0,0,0,180000.0,3,1,1,1,39.0,9.0,2,0
5126021,0,0,0,1,112500.0,3,4,0,1,41.0,7.0,3,0
5114630,0,0,1,0,81000.0,3,4,1,1,54.0,1.0,2,0
5010225,0,1,1,1,90000.0,2,4,1,1,48.0,22.0,3,0
5118526,0,0,1,0,180000.0,0,1,1,1,61.0,1.0,2,0
5061340,0,0,1,0,94500.0,1,4,4,1,67.0,-0.0,1,0
5090186,1,1,1,0,450000.0,1,1,1,1,64.0,-0.0,2,0
5089596,1,1,0,0,315000.0,0,4,0,1,38.0,3.0,2,0
5066865,0,0,1,2,54000.0,3,4,1,1,27.0,2.0,4,0
5061832,0,0,1,0,112500.0,1,4,1,1,62.0,-0.0,2,0
5009941,0,0,1,2,157500.0,3,4,1,1,29.0,6.0,4,0
5052731,0,0,1,0,180000.0,0,4,0,1,38.0,3.0,2,0
5137175,0,0,0,0,225000.0,3,4,1,1,55.0,10.0,2,0
5045614,1,1,1,1,360000.0,3,1,1,1,43.0,4.0,3,0
5025161,1,0,0,0,360000.0,3,4,0,1,34.0,14.0,2,0
5145694,1,1,1,0,225000.0,3,1,3,5,26.0,2.0,1,0
5113455,0,0,1,1,126000.0,0,4,1,1,50.0,11.0,3,0
5150164,0,0,0,0,135000.0,1,4,4,2,65.0,-0.0,1,0
5088450,0,0,1,0,157500.0,2,4,4,1,63.0,6.0,1,0
5068631,0,1,1,0,216000.0,3,4,1,1,58.0,10.0,2,0
5021693,1,1,1,2,337500.0,3,2,1,1,34.0,5.0,4,0
5111172,1,1,1,0,225000.0,3,1,1,4,29.0,1.0,2,0
5029184,0,0,1,1,108000.0,3,4,1,1,44.0,13.0,3,0
5046379,0,0,0,0,180000.0,3,2,1,1,54.0,5.0,2,0
5118477,0,0,1,0,180000.0,3,4,1,1,48.0,2.0,2,0
5106118,0,1,1,1,135000.0,3,1,1,1,37.0,1.0,3,0
5024148,0,1,0,0,180000.0,3,1,1,5,31.0,3.0,2,0
5112966,0,0,0,0,112500.0,3,4,1,1,52.0,29.0,2,0
5067262,0,1,1,0,270000.0,3,4,1,1,55.0,5.0,2,0
5136020,1,1,0,1,351000.0,0,4,1,1,44.0,23.0,3,0
5033418,1,1,0,0,202500.0,0,4,1,1,29.0,6.0,2,0
5021737,0,0,1,0,189000.0,1,4,4,1,57.0,-0.0,1,0
5023231,1,1,1,0,270000.0,3,4,2,1,48.0,4.0,1,0
5029225,0,1,1,0,144000.0,1,4,0,1,59.0,-0.0,2,0
5028909,0,0,0,0,67500.0,3,4,1,1,27.0,5.0,2,0
5090793,0,0,1,0,247500.0,3,1,1,1,38.0,10.0,2,0
5126517,1,1,0,0,157500.0,3,1,1,1,56.0,6.0,2,0
5146114,0,0,1,0,157500.0,2,1,2,1,57.0,31.0,1,0
5146034,1,0,1,0,157500.0,3,4,3,1,47.0,11.0,1,0
5142972,1,0,0,1,180000.0,3,4,3,1,29.0,3.0,3,0
5028569,0,1,1,0,315000.0,0,4,1,1,43.0,15.0,2,0
5114032,0,0,0,0,99000.0,3,1,1,1,40.0,15.0,2,0
5085826,0,0,0,0,351000.0,0,1,1,1,59.0,3.0,2,0
5053089,0,0,0,0,175500.0,3,4,3,1,51.0,2.0,1,0
5126826,0,0,0,1,157500.0,3,4,0,5,32.0,10.0,3,0
5018505,0,0,0,0,58500.0,1,4,1,1,57.0,-0.0,2,0
5067893,1,1,1,0,292500.0,3,4,1,4,47.0,2.0,2,0
5135531,1,1,1,0,225000.0,3,4,2,1,38.0,5.0,1,0
5115671,1,1,1,1,189000.0,3,1,1,1,36.0,10.0,3,0
5136985,1,1,0,0,247500.0,3,4,3,1,34.0,9.0,1,0
5126687,0,0,1,0,90000.0,3,4,1,1,55.0,9.0,2,0
5058509,0,0,1,0,148500.0,1,4,1,1,62.0,-0.0,2,0
5045513,1,1,0,1,180000.0,3,4,1,1,32.0,12.0,3,0
5021730,0,1,1,1,180000.0,0,4,1,1,46.0,4.0,3,0
5048542,0,0,1,0,121900.5,1,4,1,1,44.0,-0.0,2,0
5096342,0,0,0,0,112500.0,3,4,1,2,32.0,3.0,2,0
5021293,0,1,1,1,180000.0,0,1,1,1,33.0,1.0,3,0
5143079,0,1,0,0,225000.0,0,4,1,1,38.0,1.0,2,0
5116478,1,1,1,2,450000.0,0,4,1,1,37.0,1.0,4,0
5062294,0,1,1,0,225000.0,3,1,1,1,49.0,7.0,2,0
5091222,0,0,1,3,135000.0,3,4,1,1,41.0,4.0,5,0
5089887,0,0,1,0,157500.0,3,1,1,1,29.0,4.0,2,0
5090790,0,1,1,0,238500.0,3,1,1,1,42.0,19.0,2,0
5146429,1,1,0,0,261000.0,0,2,0,5,24.0,2.0,2,0
5069292,0,1,1,1,180000.0,0,4,1,1,42.0,7.0,3,0
5028616,1,0,1,1,135000.0,3,1,1,1,26.0,5.0,3,0
5036319,0,0,1,0,112500.0,0,4,3,1,49.0,2.0,1,0
5116606,1,1,1,0,180000.0,3,2,1,1,47.0,13.0,2,0
5089218,0,1,0,1,171000.0,3,4,0,1,38.0,18.0,3,0
5068648,1,0,1,0,135000.0,3,4,3,5,31.0,3.0,1,0
5143560,1,0,0,2,202500.0,3,4,1,5,30.0,2.0,4,0
5029082,0,0,1,0,135000.0,1,4,4,1,60.0,-0.0,1,0
5116633,0,0,1,0,135000.0,1,1,3,1,62.0,-0.0,1,0
5104945,0,0,1,3,67500.0,0,4,1,1,46.0,1.0,5,0
5116991,1,1,1,0,135000.0,3,4,1,1,40.0,10.0,2,0
5024670,0,0,1,1,180000.0,3,1,2,1,41.0,4.0,2,0
5062095,1,1,0,0,180000.0,3,4,3,1,28.0,5.0,1,0
5079057,1,1,0,0,121500.0,3,4,1,1,41.0,19.0,2,0
5041881,1,0,0,0,112500.0,3,4,0,4,40.0,7.0,2,0
5053117,1,1,0,1,270000.0,0,4,0,1,37.0,4.0,3,0
5115921,1,1,1,0,360000.0,0,4,1,1,42.0,1.0,2,0
5150221,1,1,1,0,116100.0,3,4,1,1,28.0,7.0,2,0
5026166,1,1,1,0,225000.0,1,1,1,1,66.0,-0.0,2,0
5100171,1,1,1,0,450000.0,1,1,1,1,47.0,-0.0,2,0
5126294,1,0,0,0,225000.0,3,4,1,1,58.0,33.0,2,0
5149980,0,0,1,1,405000.0,2,1,1,1,35.0,12.0,3,0
5089580,0,1,0,0,112500.0,2,4,1,1,32.0,1.0,2,0
5041320,0,0,0,0,157500.0,3,1,3,3,52.0,9.0,1,0
5105499,0,0,1,0,202500.0,3,1,1,1,29.0,4.0,2,0
5095514,1,1,1,0,297000.0,3,4,1,1,56.0,3.0,2,0
5089275,0,1,0,0,315000.0,3,1,1,1,37.0,10.0,2,0
5069066,1,0,1,0,202500.0,3,4,3,1,27.0,8.0,1,0
5125542,1,0,0,0,180000.0,3,1,1,5,37.0,7.0,2,0
5095033,1,1,1,0,202500.0,0,1,1,1,42.0,4.0,2,0
5142163,1,0,1,1,360000.0,3,4,0,1,32.0,7.0,3,0
5029529,1,1,1,0,112500.0,1,3,1,1,60.0,-0.0,2,0
5090493,0,0,0,0,121500.0,1,4,1,1,58.0,-0.0,2,0
5105291,0,0,0,0,112500.0,3,4,4,5,28.0,2.0,1,0
5116005,1,1,1,1,900000.0,0,1,0,1,46.0,7.0,3,0
5115679,1,0,1,0,112500.0,1,4,1,1,61.0,-0.0,2,0
5061500,0,0,1,1,135000.0,3,2,1,1,44.0,26.0,3,0
5045380,1,1,1,0,261000.0,3,2,1,1,44.0,4.0,2,0
5041355,1,1,1,0,121500.0,1,1,1,1,66.0,-0.0,2,0
5113057,0,1,0,0,202500.0,0,2,2,1,39.0,4.0,1,0
5148981,0,1,1,0,94500.0,3,4,1,1,50.0,28.0,2,0
5010238,1,1,1,0,225000.0,3,4,1,1,45.0,12.0,2,0
5024604,0,0,1,0,630000.0,1,4,3,1,60.0,-0.0,1,0
5090705,0,0,0,0,202500.0,1,1,3,1,64.0,-0.0,1,0
5050724,0,1,0,0,360000.0,3,1,1,1,35.0,6.0,2,0
5142781,1,1,0,2,157500.0,3,4,2,5,38.0,4.0,3,0
5114643,0,1,0,0,247500.0,3,4,2,1,37.0,6.0,1,0
5053744,0,0,1,0,360000.0,2,1,1,1,44.0,9.0,2,0
5117698,1,1,0,0,315000.0,3,1,1,1,56.0,11.0,2,0
5118560,0,0,1,0,126000.0,3,4,3,1,46.0,8.0,1,0
5054496,0,1,1,0,225000.0,0,1,2,1,33.0,3.0,1,0
5033895,0,0,0,2,135000.0,3,4,1,5,31.0,5.0,4,0
5033659,1,0,1,0,225000.0,0,4,1,1,52.0,10.0,2,0
5062205,0,0,1,0,112500.0,0,1,1,1,48.0,3.0,2,0
5056237,0,0,1,0,40500.0,3,4,1,1,35.0,14.0,2,0
5061773,0,0,1,0,157500.0,1,4,2,1,58.0,-0.0,1,0
5135863,0,0,1,2,67500.0,3,4,1,1,33.0,2.0,4,0
5050793,0,0,0,0,315000.0,2,1,1,1,58.0,18.0,2,0
5149368,0,0,1,0,180000.0,1,4,0,1,59.0,-0.0,2,0
5091651,0,1,1,1,252000.0,0,4,2,1,29.0,2.0,2,0
5118545,0,1,0,0,270000.0,3,4,1,1,50.0,5.0,2,0
5024592,1,1,1,0,157500.0,3,4,1,5,24.0,4.0,2,0
5125804,0,0,1,0,270000.0,3,4,2,1,50.0,6.0,1,0
5024726,1,0,1,0,162000.0,1,1,1,1,64.0,-0.0,2,0
5033728,0,1,1,1,202500.0,3,4,1,1,37.0,6.0,3,0
5024033,0,0,1,2,112500.0,3,4,1,5,40.0,1.0,4,0
5113841,0,0,1,0,135000.0,0,1,1,1,25.0,3.0,2,0
5022918,0,0,1,0,225000.0,3,1,3,1,33.0,7.0,1,0
5142649,1,1,0,0,157500.0,3,4,0,1,48.0,6.0,2,0
5048276,0,1,0,1,112500.0,3,1,3,1,27.0,4.0,2,0
5022612,1,1,1,1,202500.0,3,4,1,1,28.0,2.0,3,0
5028446,0,1,1,0,162000.0,3,4,3,1,50.0,8.0,1,0
5113556,1,1,1,0,450000.0,0,4,1,1,50.0,3.0,2,0
5091894,1,0,0,0,157500.0,0,1,3,1,28.0,4.0,1,0
5025181,0,0,0,0,270000.0,0,4,3,1,63.0,7.0,1,0
5091795,0,1,0,1,90000.0,3,4,1,1,42.0,3.0,3,0
5022343,0,0,1,0,67500.0,1,4,4,1,64.0,-0.0,1,0
5065704,1,1,1,0,225000.0,1,4,3,1,48.0,-0.0,1,0
5068511,0,0,1,0,135000.0,0,4,1,1,43.0,8.0,2,0
5053941,0,0,0,0,135000.0,1,4,4,1,58.0,-0.0,1,0
5036926,0,1,1,0,157500.0,0,4,1,1,33.0,8.0,2,0
5114138,0,0,0,2,180000.0,2,4,1,3,31.0,8.0,4,0
5142595,1,1,1,0,418500.0,3,1,1,1,52.0,0.0,2,0
5068019,1,1,1,0,135000.0,3,4,1,1,42.0,9.0,2,0
5146024,0,0,1,0,360000.0,0,1,1,1,30.0,11.0,2,0
5036093,0,0,1,0,135000.0,3,4,1,1,59.0,9.0,2,0
5095020,0,0,1,0,225000.0,0,4,0,1,36.0,2.0,2,0
5105185,1,0,1,0,180000.0,3,4,1,1,44.0,2.0,2,0
5100464,1,1,1,1,315000.0,3,1,1,1,47.0,2.0,3,0
5036412,0,0,1,0,83250.0,1,4,0,1,55.0,-0.0,2,0
5116643,0,0,1,0,261000.0,3,4,1,1,55.0,7.0,2,0
5091766,1,0,1,0,247500.0,3,4,1,1,48.0,6.0,2,0
5067961,1,1,1,0,360000.0,3,1,1,1,61.0,11.0,2,0
5033814,0,0,1,0,135000.0,3,4,1,1,36.0,3.0,2,0
5113847,0,0,1,0,225000.0,3,4,4,1,54.0,7.0,1,0
5142239,0,1,1,0,270000.0,2,1,1,1,45.0,23.0,2,0
5117182,1,1,0,0,112500.0,1,4,1,1,56.0,-0.0,2,0
5126308,0,0,0,0,112500.0,3,1,3,0,35.0,1.0,1,0
5142118,1,0,0,1,225000.0,3,1,1,1,50.0,7.0,3,0
5068196,1,1,1,0,173250.0,3,4,0,1,45.0,6.0,2,0
5068692,1,0,1,0,148500.0,3,4,3,1,32.0,3.0,1,0
5085780,1,0,1,0,315000.0,0,4,0,1,49.0,11.0,2,0
5096095,0,0,0,1,135000.0,3,4,1,1,29.0,4.0,3,0
5046093,0,0,1,0,157500.0,1,4,4,1,65.0,-0.0,1,0
5142599,0,0,1,2,76500.0,2,1,1,1,40.0,6.0,4,0
5045742,1,1,0,0,225000.0,0,1,1,1,36.0,4.0,2,0
5053173,0,1,1,0,157500.0,3,4,1,1,46.0,7.0,2,0
5074735,1,1,1,2,216000.0,2,1,1,1,30.0,7.0,4,0
5036996,0,0,1,0,90000.0,1,4,2,1,58.0,-0.0,1,0
5146410,1,0,1,0,211500.0,3,4,3,1,28.0,3.0,1,0
5037254,1,0,0,0,166500.0,3,4,3,1,23.0,1.0,1,0
5091921,0,0,1,2,72000.0,3,4,1,1,42.0,15.0,4,0
5139729,0,0,1,0,135000.0,3,4,1,1,56.0,6.0,2,0
5117605,0,0,0,0,157500.0,3,1,1,1,39.0,6.0,2,0
5029152,0,0,1,1,67500.0,2,4,0,1,49.0,1.0,3,0
5066465,0,1,1,0,135000.0,3,4,2,1,44.0,4.0,1,0
5117254,0,1,1,0,207000.0,2,1,1,1,61.0,10.0,2,0
5117551,1,1,0,1,148500.0,0,4,1,1,35.0,8.0,3,0
5079181,0,0,0,0,112500.0,0,2,1,1,28.0,6.0,2,0
5028802,0,0,0,2,112500.0,3,4,1,1,43.0,3.0,4,0
5024838,0,0,1,0,202500.0,0,1,3,1,39.0,6.0,1,0
5088279,0,0,0,0,67500.0,3,4,1,1,55.0,19.0,2,0
5079141,0,0,1,2,67500.0,3,4,2,1,38.0,8.0,3,0
5112870,1,1,1,1,360000.0,3,4,1,1,58.0,8.0,3,0
5061253,0,0,1,0,112500.0,3,2,0,1,25.0,5.0,2,0
5046191,1,1,1,2,270000.0,0,1,1,1,47.0,2.0,4,0
5094884,1,0,1,0,450000.0,0,4,3,5,28.0,4.0,1,0
5146296,0,0,0,0,67500.0,3,4,1,1,49.0,11.0,2,0
5033966,0,0,1,0,180000.0,0,4,1,1,41.0,9.0,2,0
5065571,1,1,1,0,270000.0,0,4,1,1,50.0,4.0,2,0
5035866,0,0,1,0,247500.0,0,4,1,1,48.0,3.0,2,0
5028990,0,0,0,2,81000.0,3,3,3,1,42.0,6.0,3,0
5126503,0,0,0,0,171000.0,1,4,1,1,57.0,-0.0,2,0
5023209,0,0,0,1,135000.0,0,4,1,1,40.0,1.0,3,0
5142860,0,0,0,0,135000.0,3,4,1,1,39.0,5.0,2,0
5087852,0,1,0,0,202500.0,2,4,1,1,54.0,33.0,2,0
5061896,1,0,1,1,292500.0,2,1,1,1,46.0,10.0,3,0
5048610,0,0,1,0,315000.0,3,4,2,1,42.0,9.0,1,0
5113711,0,1,1,1,405000.0,2,4,1,1,46.0,1.0,3,0
5069199,0,1,1,1,225000.0,0,4,1,1,37.0,9.0,3,0
5091101,1,0,1,0,198000.0,1,1,1,1,68.0,-0.0,2,0
5033496,1,1,0,1,202500.0,0,1,1,5,27.0,1.0,3,0
5132752,1,0,1,0,90000.0,3,4,3,1,29.0,1.0,1,0
5036958,1,1,1,1,135000.0,3,4,1,1,33.0,5.0,3,0
5038619,0,0,0,0,103500.0,1,4,1,1,67.0,-0.0,2,0
5053293,0,0,1,0,76500.0,1,4,1,2,56.0,-0.0,2,0
5117022,1,1,1,2,225000.0,3,4,1,1,34.0,1.0,4,0
5137163,0,0,0,0,211500.0,3,4,1,1,47.0,5.0,2,0
5145968,0,0,1,0,112500.0,1,4,4,1,63.0,-0.0,1,0
5051187,1,1,0,0,135000.0,3,4,3,1,34.0,2.0,1,0
5067203,1,0,0,1,405000.0,3,4,1,5,35.0,4.0,3,0
5116714,0,0,0,0,135000.0,0,4,2,2,52.0,2.0,1,0
5045069,0,0,0,0,112500.0,3,4,1,1,28.0,7.0,2,0
5042130,0,0,0,0,247500.0,3,1,1,1,39.0,20.0,2,0
5062131,1,1,1,0,90000.0,1,4,1,1,61.0,-0.0,2,0
5023692,0,0,1,0,135000.0,3,4,3,1,41.0,9.0,1,0
5113861,1,0,0,0,135000.0,3,4,1,1,28.0,3.0,2,0
5009301,0,0,0,0,193500.0,3,4,3,2,44.0,5.0,1,0
5135705,0,0,0,0,135000.0,3,4,1,1,30.0,4.0,2,0
5023616,1,1,1,0,202500.0,0,4,1,1,48.0,1.0,2,0
5028468,0,1,1,2,135000.0,3,4,1,1,34.0,1.0,4,0
5051156,1,0,0,1,247500.0,3,1,3,1,38.0,5.0,2,0
5143046,1,1,0,2,360000.0,3,4,1,1,44.0,7.0,4,0
5113171,0,1,1,1,67500.0,3,4,1,1,31.0,5.0,3,0
5078805,0,0,1,0,306000.0,3,4,1,1,52.0,8.0,2,0
5088205,0,0,1,0,153000.0,1,4,2,1,60.0,-0.0,1,0
5112975,0,0,0,3,171000.0,3,4,1,1,38.0,10.0,5,0
5022789,0,0,0,0,112500.0,3,4,2,1,34.0,1.0,1,0
5028302,1,1,1,0,360000.0,0,2,1,1,54.0,1.0,2,0
5146558,1,0,1,2,157500.0,3,4,1,1,41.0,4.0,4,0
5029400,0,0,0,0,112500.0,1,4,1,1,52.0,-0.0,2,0
5022449,0,0,0,0,315000.0,3,4,2,1,48.0,5.0,1,0
5044818,0,0,1,0,135000.0,3,1,3,1,25.0,3.0,1,0
5089070,1,0,0,3,180000.0,3,4,1,1,39.0,10.0,5,0
5041367,0,0,0,0,180000.0,2,2,1,1,28.0,8.0,2,0
5050485,0,0,0,0,292500.0,0,4,0,1,51.0,29.0,2,0
5062296,0,0,1,0,135000.0,1,2,2,1,56.0,-0.0,1,0
5090039,1,0,0,1,225000.0,3,1,1,1,38.0,17.0,3,0
5069296,0,0,1,0,225000.0,1,4,1,1,58.0,-0.0,2,0
5058271,0,0,1,0,135000.0,3,4,1,1,54.0,12.0,2,0
5047929,1,1,0,0,292500.0,3,4,3,1,38.0,4.0,1,0
5054228,0,0,0,2,180000.0,3,4,1,1,32.0,0.0,4,0
5023527,0,0,1,0,274500.0,0,4,1,1,56.0,19.0,2,0
5088433,0,0,1,0,225000.0,3,4,3,1,49.0,5.0,1,0
5009567,1,1,0,0,180000.0,3,4,1,1,42.0,9.0,2,0
5148915,1,1,0,2,225000.0,0,4,1,1,40.0,11.0,4,0
5035546,0,0,1,0,126000.0,1,4,4,1,67.0,-0.0,1,0
5118472,1,0,0,0,180000.0,3,4,1,1,27.0,5.0,2,0
5111178,0,0,1,2,54000.0,3,1,1,1,31.0,12.0,4,0
5065808,0,0,0,1,76500.0,3,1,1,1,44.0,2.0,3,0
5010010,0,0,1,1,112500.0,2,2,0,1,30.0,10.0,3,0
5148573,0,0,1,0,81000.0,1,4,1,1,57.0,-0.0,2,0
5096729,1,1,0,0,135000.0,0,4,1,1,30.0,6.0,2,0
5092021,0,0,1,0,135000.0,3,4,1,1,36.0,2.0,2,0
5096085,0,0,0,0,67500.0,3,4,1,2,50.0,31.0,2,0
5142953,1,0,0,1,202500.0,3,4,2,1,23.0,2.0,2,0
5061135,0,0,1,2,58500.0,3,1,1,1,39.0,16.0,4,0
5010172,0,0,1,0,135000.0,0,4,1,1,58.0,1.0,2,0
5068523,0,0,1,0,135000.0,3,4,3,1,34.0,1.0,1,0
5087756,0,0,0,0,180000.0,3,4,1,1,42.0,7.0,2,0
5132845,0,0,1,0,112500.0,2,4,1,1,48.0,10.0,2,0
5116046,0,1,1,0,144000.0,3,4,1,1,37.0,6.0,2,0
5091983,1,0,1,0,112500.0,0,1,1,1,59.0,2.0,2,0
5062106,1,1,1,0,135000.0,0,4,1,1,52.0,10.0,2,0
5052806,0,0,1,0,81000.0,3,4,3,1,53.0,7.0,1,0
5095952,0,0,0,2,193500.0,3,1,1,5,41.0,21.0,4,0
5022458,1,1,1,1,144000.0,3,4,1,1,24.0,3.0,3,0
5149647,0,0,1,0,292500.0,1,4,3,1,62.0,-0.0,1,0
5114438,0,0,1,1,157500.0,3,4,1,1,47.0,3.0,3,0
5112737,1,1,1,0,315000.0,3,1,1,1,50.0,8.0,2,0
5024038,0,0,0,0,135000.0,3,4,1,1,42.0,2.0,2,0
5139846,1,1,1,0,202500.0,0,4,1,4,29.0,7.0,2,0
5140019,0,1,1,1,180000.0,0,4,3,1,31.0,4.0,2,0
5104868,0,0,1,0,112500.0,3,1,1,1,33.0,11.0,2,0
5062525,0,0,1,1,112500.0,3,1,1,1,37.0,6.0,3,0
5054384,1,1,0,0,292500.0,0,1,3,1,38.0,10.0,1,0
5085768,1,1,1,1,405000.0,2,1,1,1,32.0,13.0,3,0
5023706,0,0,1,0,180000.0,3,4,1,1,49.0,15.0,2,0
5046183,0,0,1,2,115200.0,0,4,1,1,41.0,2.0,4,0
5142930,0,1,0,0,56250.0,1,4,1,1,58.0,-0.0,2,0
5145920,1,1,1,1,180000.0,0,1,1,1,41.0,4.0,3,0
5069028,0,0,1,0,157500.0,0,4,1,1,45.0,4.0,2,0
5010498,1,1,1,1,202500.0,3,4,1,1,28.0,1.0,3,0
5091564,0,1,1,1,135000.0,3,4,1,1,41.0,5.0,3,0
5149887,0,0,1,0,202500.0,0,4,1,1,44.0,16.0,2,0
5052952,0,0,1,0,157500.0,1,4,4,1,67.0,-0.0,1,0
5116801,1,0,1,1,225000.0,3,4,1,1,45.0,5.0,3,0
5091639,1,1,1,0,202500.0,3,4,3,1,50.0,8.0,1,0
5036936,0,0,1,0,157500.0,1,4,2,1,61.0,-0.0,1,0
5022930,0,0,1,0,270000.0,3,1,1,1,25.0,1.0,2,0
5148732,0,0,1,1,157500.0,3,4,2,2,37.0,2.0,2,0
5023877,0,0,1,0,360000.0,1,1,1,1,63.0,-0.0,2,0
5061139,0,1,1,0,90000.0,1,4,1,1,59.0,-0.0,2,0
5010435,0,0,1,0,90000.0,1,4,1,1,59.0,-0.0,2,0
5090310,1,1,1,0,135000.0,1,4,1,1,67.0,-0.0,2,0
5026539,0,0,1,0,112500.0,3,4,3,1,43.0,4.0,1,0
5048478,1,1,0,0,225000.0,3,4,3,1,25.0,1.0,1,0
5052762,1,1,1,0,225000.0,0,1,3,1,32.0,3.0,1,0
5067767,0,0,1,0,202500.0,2,4,3,1,64.0,15.0,1,0
5056179,0,0,1,0,202500.0,0,1,1,1,26.0,1.0,2,0
5045537,1,1,0,2,225000.0,2,1,1,5,30.0,4.0,4,0
5053980,0,1,0,0,108000.0,3,4,1,5,34.0,9.0,2,0
5092349,0,0,1,0,225000.0,3,4,4,1,53.0,6.0,1,0
5090383,0,1,1,0,180000.0,0,4,1,1,42.0,3.0,2,0
5088687,1,0,1,1,135000.0,3,4,1,1,51.0,4.0,3,0
5105466,0,0,1,0,112500.0,1,4,1,1,58.0,-0.0,2,0
5089117,0,1,0,0,90000.0,3,1,3,1,44.0,15.0,1,0
5117497,1,0,1,0,90000.0,0,4,0,1,45.0,2.0,2,0
5112599,0,0,1,0,103500.0,3,4,1,1,62.0,35.0,2,0
5148972,1,1,1,0,495000.0,3,4,3,4,39.0,15.0,1,0
5117233,1,0,1,0,135000.0,3,4,1,1,38.0,20.0,2,0
5142733,1,0,0,1,360000.0,3,1,1,1,30.0,1.0,3,0
5021214,1,1,1,1,225000.0,2,1,1,1,35.0,6.0,3,0
5037088,0,0,1,0,81000.0,1,4,1,1,59.0,-0.0,2,0
5068712,0,1,1,0,90000.0,3,4,1,1,37.0,15.0,2,0
5142153,1,1,1,0,450000.0,3,4,3,1,44.0,10.0,1,0
5146045,0,0,1,0,360000.0,0,4,3,1,51.0,7.0,1,0
5142529,1,0,1,0,225000.0,2,1,1,1,25.0,0.0,2,0
5091630,0,0,1,0,202500.0,3,4,1,1,53.0,17.0,2,0
5142698,0,1,0,0,95850.0,0,4,1,1,52.0,18.0,2,0
5105550,0,0,1,0,112500.0,3,1,1,5,26.0,2.0,2,0
5149799,0,0,1,0,126000.0,0,4,0,2,29.0,6.0,2,0
5036219,0,0,1,0,99000.0,3,4,1,1,43.0,2.0,2,0
5135851,0,0,1,1,180000.0,0,4,1,1,44.0,17.0,3,0
5009663,1,0,0,0,225000.0,3,1,3,1,28.0,5.0,1,0
5125203,0,0,1,0,202500.0,3,2,3,1,51.0,20.0,1,0
5148748,0,1,1,1,135000.0,0,2,0,1,31.0,2.0,3,0
5105878,0,0,0,1,387000.0,0,1,1,1,42.0,2.0,3,0
5099948,0,1,0,0,185400.0,0,4,1,1,40.0,9.0,2,0
5148669,1,1,1,1,810000.0,0,2,0,3,49.0,9.0,3,0
5090027,0,0,1,0,126000.0,3,1,1,1,28.0,1.0,2,0
5132329,0,0,0,0,135000.0,1,4,1,1,62.0,-0.0,2,0
5067006,1,0,1,1,157500.0,3,4,0,1,56.0,15.0,3,0
5022063,0,0,1,0,180000.0,1,1,1,1,55.0,-0.0,2,0
5126108,0,0,1,0,112500.0,2,4,3,1,56.0,36.0,1,0
5038723,1,1,1,1,270000.0,1,4,1,1,42.0,-0.0,3,0
5054079,0,0,0,0,135000.0,3,4,1,1,47.0,15.0,2,0
5096483,0,0,0,0,103500.0,3,1,1,1,44.0,18.0,2,0
5025951,0,0,1,0,130500.0,3,4,1,1,37.0,15.0,2,0
5010995,0,0,1,0,90000.0,3,4,1,1,55.0,1.0,2,0
5117622,1,1,0,2,112500.0,3,1,1,1,40.0,0.0,4,0
5091826,0,0,1,0,157500.0,1,4,1,1,65.0,-0.0,2,0
5065723,0,0,1,1,202500.0,2,4,0,1,44.0,24.0,3,0
5044594,1,0,1,0,67500.0,1,4,2,1,61.0,-0.0,1,0
5125425,0,1,1,1,189000.0,3,3,1,1,45.0,2.0,3,0
5135474,0,0,1,0,180000.0,3,4,1,1,54.0,21.0,2,0
5113180,1,1,1,0,135000.0,0,1,0,1,48.0,2.0,2,0
5069466,0,1,1,0,166500.0,3,4,1,1,33.0,9.0,2,0
5025089,0,0,1,0,90000.0,1,4,1,1,60.0,-0.0,2,0
5009269,1,1,0,0,337500.0,2,1,1,5,28.0,5.0,2,0
5021790,0,1,1,2,157500.0,3,4,1,1,41.0,19.0,4,0
5143374,0,0,0,0,112500.0,1,4,1,1,66.0,-0.0,2,0
5036474,1,1,0,2,180000.0,0,1,1,1,43.0,7.0,4,0
5037202,0,1,1,1,112500.0,3,1,1,1,25.0,1.0,3,0
5069141,0,0,0,0,135000.0,0,1,1,5,42.0,1.0,2,0
5090464,0,0,0,0,126000.0,0,4,1,1,46.0,16.0,2,0
5149296,0,1,1,0,247500.0,0,1,1,1,40.0,5.0,2,0
5023914,0,0,1,2,184500.0,3,4,1,1,27.0,5.0,4,0
5079004,0,0,1,0,165600.0,1,4,4,1,59.0,-0.0,1,0
5023147,0,0,0,0,112500.0,1,4,3,1,58.0,-0.0,1,0
5050619,1,1,0,0,112500.0,3,4,0,1,27.0,5.0,2,0
5052606,1,0,1,0,202500.0,0,4,3,4,51.0,4.0,1,0
5036870,0,0,1,0,72000.0,1,4,1,1,60.0,-0.0,2,0
5021551,0,0,1,0,202500.0,0,4,1,1,57.0,4.0,2,0
5067242,0,1,1,0,391500.0,3,4,1,1,47.0,20.0,2,0
5068807,1,1,1,1,112500.0,3,1,1,1,32.0,1.0,3,0
5089497,0,0,0,1,112500.0,3,4,4,1,55.0,4.0,2,0
5045623,0,0,1,1,270000.0,2,4,1,1,39.0,7.0,3,0
5114227,1,1,0,2,247500.0,3,4,1,1,50.0,16.0,4,0
5067259,1,1,1,0,360000.0,1,4,1,1,57.0,-0.0,2,0
5068320,0,0,1,0,189000.0,1,1,2,1,62.0,-0.0,1,0
5116621,0,1,1,1,157500.0,2,4,1,1,38.0,9.0,3,0
5091925,0,1,1,0,405000.0,0,2,1,1,51.0,11.0,2,0
5041758,0,0,1,0,157500.0,2,1,1,1,41.0,10.0,2,0
5041540,0,0,1,1,135000.0,1,4,0,1,53.0,-0.0,3,0
5033608,0,0,0,0,67500.0,0,4,0,1,52.0,0.0,2,0
5146456,0,0,1,0,135000.0,0,4,1,1,42.0,5.0,2,0
5091708,0,1,1,0,135000.0,3,1,1,1,34.0,11.0,2,0
5022136,0,0,1,0,126000.0,1,4,1,1,57.0,-0.0,2,0
5088181,0,0,0,0,180000.0,3,2,4,1,54.0,5.0,1,0
5104981,0,0,0,0,112500.0,1,4,2,2,59.0,-0.0,1,0
5093248,0,0,1,0,247500.0,0,1,1,1,33.0,8.0,2,0
5143219,0,0,1,0,67500.0,1,3,3,1,61.0,-0.0,1,0
5069007,1,1,1,0,337500.0,3,1,1,5,29.0,3.0,2,0
5113801,0,0,1,1,337500.0,3,4,1,1,35.0,9.0,3,0
5054733,0,0,0,1,157500.0,0,1,1,1,30.0,4.0,3,0
5142691,1,1,0,2,135000.0,2,4,1,1,38.0,18.0,4,0
5067696,1,1,1,0,450000.0,3,1,1,1,52.0,12.0,2,0
5105577,0,0,0,0,180000.0,3,4,1,2,33.0,1.0,2,0
5033714,1,0,1,1,135000.0,3,4,1,1,38.0,8.0,3,0
5062016,0,0,0,0,180000.0,0,4,3,1,31.0,7.0,1,0
5045798,0,1,0,0,202500.0,3,1,1,1,25.0,0.0,2,0
5066915,1,1,1,0,180000.0,3,1,1,5,30.0,4.0,2,0
5037169,1,1,1,0,135000.0,1,4,1,1,67.0,-0.0,2,0
5142752,0,0,0,0,81000.0,3,4,3,1,49.0,1.0,1,0
5116056,0,0,0,0,135000.0,3,4,1,1,49.0,29.0,2,0
5091549,0,0,1,0,247500.0,0,4,1,1,34.0,8.0,2,0
5061161,1,1,1,3,202500.0,3,4,1,1,36.0,10.0,5,0
5142248,0,0,1,0,225000.0,2,4,1,1,54.0,6.0,2,0
5068262,0,0,0,2,157500.0,2,1,1,1,35.0,15.0,4,0
5090415,0,1,0,0,216000.0,3,4,3,1,54.0,27.0,1,0
5068843,0,0,1,0,135000.0,3,4,3,1,62.0,12.0,1,0
5114166,1,1,0,1,247500.0,3,1,1,1,25.0,1.0,3,0
5105715,0,0,1,0,180000.0,3,4,1,1,38.0,8.0,2,0
5105842,1,1,1,0,67500.0,1,4,1,1,63.0,-0.0,2,0
5089658,0,0,0,0,99000.0,0,4,3,1,45.0,1.0,1,0
5068233,1,0,1,1,112500.0,2,4,1,1,38.0,1.0,3,0
5113259,0,1,1,0,247500.0,3,4,3,5,32.0,1.0,1,0
5137151,0,0,0,0,225000.0,1,4,1,1,56.0,-0.0,2,0
5095423,1,1,1,0,405000.0,3,1,1,1,32.0,5.0,2,0
5068324,0,0,1,0,171000.0,3,1,1,1,50.0,11.0,2,0
5022156,0,1,1,2,180000.0,0,1,1,1,32.0,8.0,4,0
5137365,1,1,0,0,337500.0,3,4,1,1,40.0,3.0,2,0
5068811,0,0,1,0,315000.0,0,4,1,1,40.0,7.0,2,0
5068238,0,0,1,0,247500.0,3,4,1,1,31.0,7.0,2,0
5046495,0,0,1,0,180000.0,1,4,1,1,59.0,-0.0,2,0
5023491,1,1,1,0,83250.0,3,4,1,1,56.0,17.0,2,0
5125510,1,0,1,1,202500.0,0,4,1,1,41.0,0.0,3,0
5143175,1,1,0,0,225000.0,0,4,3,1,48.0,7.0,1,0
5041739,1,0,1,1,157500.0,3,4,1,1,34.0,1.0,3,0
5048217,1,1,1,1,270000.0,0,4,1,1,34.0,2.0,3,0
5091382,0,1,1,2,216000.0,3,1,1,1,35.0,13.0,4,0
5143314,1,0,1,0,114750.0,1,4,2,1,58.0,-0.0,1,0
5009918,0,0,1,2,99000.0,0,1,1,1,35.0,1.0,4,0
5024238,0,0,1,0,47250.0,1,4,1,2,59.0,-0.0,2,0
5114427,0,0,0,0,49500.0,1,4,1,1,65.0,-0.0,2,0
5023816,0,1,1,1,225000.0,0,1,1,1,47.0,2.0,3,0
5126562,0,0,0,0,450000.0,3,1,1,1,30.0,9.0,2,0
5054775,1,0,1,0,225000.0,3,4,1,1,59.0,4.0,2,0
5091171,1,0,1,0,90000.0,1,4,1,1,66.0,-0.0,2,0
5062407,0,0,1,0,103500.0,1,4,4,1,66.0,-0.0,1,0
5094926,0,1,1,0,135000.0,0,4,1,1,33.0,4.0,2,0
5067312,0,1,1,0,225000.0,1,4,1,1,63.0,-0.0,2,0
5125462,1,0,1,1,112500.0,3,4,1,1,50.0,14.0,3,0
5114240,0,0,0,0,270000.0,3,4,1,1,46.0,2.0,2,0
5068367,0,1,1,1,270000.0,3,4,1,1,39.0,9.0,3,0
5051120,1,0,0,0,202500.0,2,1,1,1,35.0,14.0,2,0
5067506,1,0,1,0,180000.0,3,3,0,1,36.0,6.0,2,0
5118441,0,1,0,1,108000.0,0,1,1,1,44.0,1.0,3,0
5054343,0,1,0,0,225000.0,3,4,1,1,57.0,3.0,2,0
5009000,1,1,1,0,157500.0,3,4,1,1,27.0,2.0,2,0
5090302,0,0,1,0,405000.0,0,4,1,1,48.0,13.0,2,0
5067299,1,0,1,0,225000.0,0,4,3,1,25.0,3.0,1,0
5010344,0,0,0,0,216000.0,1,4,1,1,63.0,-0.0,2,0
5011032,0,0,1,1,135000.0,3,0,0,1,48.0,21.0,3,0
5038582,0,0,1,0,112500.0,1,4,1,1,67.0,-0.0,2,0
5067638,0,0,1,0,157500.0,1,4,3,1,63.0,-0.0,1,0
5010795,0,0,0,0,45000.0,2,4,1,1,38.0,15.0,2,0
5116594,1,1,0,0,157500.0,3,1,1,1,43.0,2.0,2,0
5068310,1,0,1,1,198000.0,0,2,3,1,26.0,0.0,2,0
5087880,0,0,0,0,234000.0,2,1,0,1,60.0,14.0,2,0
5125172,0,1,1,0,157500.0,3,4,1,1,41.0,1.0,2,0
5117190,0,0,1,3,207000.0,0,4,4,1,42.0,1.0,4,0
5024077,0,1,1,0,157500.0,1,4,4,1,56.0,-0.0,1,0
5118580,0,1,1,0,180000.0,3,4,1,1,36.0,5.0,2,0
5053535,0,0,1,0,216000.0,1,1,3,1,56.0,-0.0,1,0
5062334,0,0,0,0,94500.0,3,1,1,1,25.0,3.0,2,0
5051097,0,0,0,0,69750.0,1,4,4,2,60.0,-0.0,1,0
5028858,1,1,1,1,157500.0,3,4,1,1,38.0,8.0,3,0
5112652,0,0,0,0,67500.0,3,4,1,5,44.0,8.0,2,0
5115523,0,0,1,3,112500.0,3,4,1,1,36.0,10.0,5,0
5079127,1,0,1,0,270000.0,3,1,1,1,33.0,6.0,2,0
5132784,1,1,1,0,112500.0,3,4,3,1,24.0,1.0,1,0
5048458,0,1,1,1,126000.0,3,1,1,1,26.0,0.0,3,0
5023719,0,1,1,0,175500.0,1,1,1,1,60.0,-0.0,2,0
5065477,1,0,0,1,148500.0,3,4,1,1,37.0,0.0,3,0
5033520,0,1,1,3,180000.0,3,4,1,2,34.0,16.0,5,0
5028612,1,1,1,0,225000.0,0,1,3,5,29.0,6.0,1,0
5048642,0,0,0,0,157500.0,1,4,2,1,66.0,-0.0,1,0
5125261,1,0,1,0,157500.0,0,1,1,1,42.0,3.0,2,0
5100133,1,1,1,2,270000.0,0,1,1,1,38.0,5.0,4,0
5096856,1,1,1,0,180000.0,0,4,1,1,49.0,10.0,2,0
5089719,0,0,0,0,144000.0,3,4,1,1,55.0,13.0,2,0
5033447,0,1,0,0,112500.0,0,1,1,1,30.0,2.0,2,0
5090942,1,0,0,0,225000.0,0,4,1,1,37.0,4.0,2,0
5125816,0,1,0,0,450000.0,1,1,1,1,54.0,15.0,2,0
5149946,0,0,1,0,180000.0,3,1,1,1,61.0,2.0,2,0
5024049,0,1,1,1,144000.0,3,1,1,1,35.0,8.0,3,0
5118268,1,1,0,1,360000.0,2,4,1,1,31.0,10.0,3,0
5023655,0,0,0,0,225000.0,0,2,3,1,28.0,3.0,1,0
5118219,1,1,0,0,270000.0,3,4,0,1,42.0,2.0,2,0
5053790,0,1,1,0,225000.0,3,1,1,1,45.0,8.0,2,0
